collection,reference,price,currency,country,year,price_USD,price_USD_median,Price Difference,Difference Rate (%)
LUMINOR,PAM00233,12000.0,EUR,France,2021,14160.0,14463.0,-303.0,-2.0950010371292263
LUMINOR,PAM00233,1507000.0,JPY,Japan,2021,13713.7,14463.0,-749.2999999999993,-5.180806195118573
LUMINOR,PAM00233,10700.0,GBP,UK,2021,14765.999999999998,14463.0,302.9999999999982,2.095001037129214
LUMINOR,PAM00233,15600.0,USD,USA,2021,15600.0,14463.0,1137.0,7.861439535366106
LUMINOR,PAM00422,9800.0,EUR,France,2021,11564.0,11647.0,-83.0,-0.7126298617669786
LUMINOR,PAM00422,1221000.0,JPY,Japan,2021,11111.1,11647.0,-535.8999999999996,-4.601184854468959
LUMINOR,PAM00422,8500.0,GBP,UK,2021,11730.0,11647.0,83.0,0.7126298617669786
LUMINOR,PAM00422,12800.0,USD,USA,2021,12800.0,11647.0,1153.0,9.899544947196704
LUMINOR,PAM00423,9900.0,EUR,France,2021,11682.0,11809.5,-127.5,-1.0796392734662772
LUMINOR,PAM00423,1232000.0,JPY,Japan,2021,11211.2,11809.5,-598.2999999999993,-5.066260214234297
LUMINOR,PAM00423,8650.0,GBP,UK,2021,11936.999999999998,11809.5,127.49999999999818,1.0796392734662617
LUMINOR,PAM00423,12900.0,USD,USA,2021,12900.0,11809.5,1090.5,9.234091197764512
RADIOMIR,PAM00424,7800.0,EUR,France,2021,9204.0,9363.0,-159.0,-1.6981736622877281
RADIOMIR,PAM00424,979000.0,JPY,Japan,2021,8908.9,9363.0,-454.10000000000036,-4.849941258143761
RADIOMIR,PAM00424,6900.0,GBP,UK,2021,9522.0,9363.0,159.0,1.6981736622877281
RADIOMIR,PAM00424,10200.0,USD,USA,2021,10200.0,9363.0,837.0,8.93944248638257
RADIOMIR,PAM00425,7800.0,EUR,France,2021,9204.0,9363.0,-159.0,-1.6981736622877281
RADIOMIR,PAM00425,979000.0,JPY,Japan,2021,8908.9,9363.0,-454.10000000000036,-4.849941258143761
RADIOMIR,PAM00425,6900.0,GBP,UK,2021,9522.0,9363.0,159.0,1.6981736622877281
RADIOMIR,PAM00425,10200.0,USD,USA,2021,10200.0,9363.0,837.0,8.93944248638257
LUMINOR,PAM00524,10900.0,EUR,France,2021,12862.0,13193.0,-331.0,-2.508906238156598
LUMINOR,PAM00524,1353000.0,JPY,Japan,2021,12312.300000000001,13193.0,-880.6999999999989,-6.675509740013635
LUMINOR,PAM00524,9800.0,GBP,UK,2021,13523.999999999998,13193.0,330.9999999999982,2.5089062381565843
LUMINOR,PAM00524,14200.0,USD,USA,2021,14200.0,13193.0,1007.0,7.632835594633518
LUMINOR,PAM00526,16900.0,EUR,France,2021,19942.0,20252.0,-310.0,-1.53071301599842
LUMINOR,PAM00526,2112000.0,JPY,Japan,2021,19219.2,20252.0,-1032.7999999999993,-5.099743235236023
LUMINOR,PAM00526,14900.0,GBP,UK,2021,20562.0,20252.0,310.0,1.53071301599842
LUMINOR,PAM00526,22000.0,USD,USA,2021,22000.0,20252.0,1748.0,8.631246296662058
LUMINOR,PAM00561,6200.0,EUR,France,2021,7316.0,7384.0,-68.0,-0.9209100758396532
LUMINOR,PAM00561,770000.0,JPY,Japan,2021,7007.0,7384.0,-377.0,-5.105633802816902
LUMINOR,PAM00561,5400.0,GBP,UK,2021,7451.999999999999,7384.0,67.99999999999909,0.9209100758396409
LUMINOR,PAM00561,8100.0,USD,USA,2021,8100.0,7384.0,716.0,9.69664138678223
RADIOMIR,PAM00577,10900.0,EUR,France,2021,12862.0,13193.0,-331.0,-2.508906238156598
RADIOMIR,PAM00577,1353000.0,JPY,Japan,2021,12312.300000000001,13193.0,-880.6999999999989,-6.675509740013635
RADIOMIR,PAM00577,9800.0,GBP,UK,2021,13523.999999999998,13193.0,330.9999999999982,2.5089062381565843
RADIOMIR,PAM00577,14200.0,USD,USA,2021,14200.0,13193.0,1007.0,7.632835594633518
SUBMERSIBLE,PAM00616,16900.0,EUR,France,2021,19942.0,20390.0,-448.0,-2.1971554683668466
SUBMERSIBLE,PAM00616,2112000.0,JPY,Japan,2021,19219.2,20390.0,-1170.7999999999993,-5.742030407062282
SUBMERSIBLE,PAM00616,15100.0,GBP,UK,2021,20838.0,20390.0,448.0,2.1971554683668466
SUBMERSIBLE,PAM00616,22000.0,USD,USA,2021,22000.0,20390.0,1610.0,7.896027464443354
RADIOMIR,PAM00619,10400.0,EUR,France,2021,12272.0,12553.0,-281.0,-2.238508723014419
RADIOMIR,PAM00619,1298000.0,JPY,Japan,2021,11811.800000000001,12553.0,-741.1999999999989,-5.904564645901369
RADIOMIR,PAM00619,9300.0,GBP,UK,2021,12833.999999999998,12553.0,280.9999999999982,2.2385087230144043
RADIOMIR,PAM00619,13600.0,USD,USA,2021,13600.0,12553.0,1047.0,8.340635704612444
RADIOMIR,PAM00628,11600.0,EUR,France,2021,13688.0,14020.0,-332.0,-2.3680456490727533
RADIOMIR,PAM00628,1441000.0,JPY,Japan,2021,13113.1,14020.0,-906.8999999999996,-6.468616262482166
RADIOMIR,PAM00628,10400.0,GBP,UK,2021,14351.999999999998,14020.0,331.9999999999982,2.3680456490727404
RADIOMIR,PAM00628,15100.0,USD,USA,2021,15100.0,14020.0,1080.0,7.703281027104136
LUMINOR,PAM00653,12000.0,EUR,France,2021,14160.0,14463.0,-303.0,-2.0950010371292263
LUMINOR,PAM00653,1507000.0,JPY,Japan,2021,13713.7,14463.0,-749.2999999999993,-5.180806195118573
LUMINOR,PAM00653,10700.0,GBP,UK,2021,14765.999999999998,14463.0,302.9999999999982,2.095001037129214
LUMINOR,PAM00653,15600.0,USD,USA,2021,15600.0,14463.0,1137.0,7.861439535366106
LUMINOR,PAM00654,12000.0,EUR,France,2021,14160.0,14463.0,-303.0,-2.0950010371292263
LUMINOR,PAM00654,1507000.0,JPY,Japan,2021,13713.7,14463.0,-749.2999999999993,-5.180806195118573
LUMINOR,PAM00654,10700.0,GBP,UK,2021,14765.999999999998,14463.0,302.9999999999982,2.095001037129214
LUMINOR,PAM00654,15600.0,USD,USA,2021,15600.0,14463.0,1137.0,7.861439535366106
RADIOMIR,PAM00655,9700.0,EUR,France,2021,11446.0,11726.0,-280.0,-2.3878560463926317
RADIOMIR,PAM00655,1210000.0,JPY,Japan,2021,11011.0,11726.0,-715.0,-6.097560975609756
RADIOMIR,PAM00655,8700.0,GBP,UK,2021,12005.999999999998,11726.0,279.9999999999982,2.387856046392616
RADIOMIR,PAM00655,12600.0,USD,USA,2021,12600.0,11726.0,874.0,7.453522087668429
RADIOMIR,PAM00657,11400.0,EUR,France,2021,13452.0,13764.0,-312.0,-2.2667829119442024
RADIOMIR,PAM00657,1419000.0,JPY,Japan,2021,12912.900000000001,13764.0,-851.0999999999985,-6.1835222319093175
RADIOMIR,PAM00657,10200.0,GBP,UK,2021,14075.999999999998,13764.0,311.9999999999982,2.266782911944189
RADIOMIR,PAM00657,14900.0,USD,USA,2021,14900.0,13764.0,1136.0,8.253414705027607
LUMINOR,PAM00661,11900.0,EUR,France,2021,14042.0,14335.0,-293.0,-2.0439483780955703
LUMINOR,PAM00661,1485000.0,JPY,Japan,2021,13513.5,14335.0,-821.5,-5.730728985001744
LUMINOR,PAM00661,10600.0,GBP,UK,2021,14627.999999999998,14335.0,292.9999999999982,2.0439483780955574
LUMINOR,PAM00661,15500.0,USD,USA,2021,15500.0,14335.0,1165.0,8.12696198116498
SUBMERSIBLE,PAM00683,9700.0,EUR,France,2021,11446.0,11588.0,-142.0,-1.2254055919917155
SUBMERSIBLE,PAM00683,1210000.0,JPY,Japan,2021,11011.0,11588.0,-577.0,-4.979288919571971
SUBMERSIBLE,PAM00683,8500.0,GBP,UK,2021,11730.0,11588.0,142.0,1.2254055919917155
SUBMERSIBLE,PAM00683,12600.0,USD,USA,2021,12600.0,11588.0,1012.0,8.733172247152227
SUBMERSIBLE,PAM00692,13200.0,EUR,France,2021,15576.0,15723.0,-147.0,-0.9349360809005915
SUBMERSIBLE,PAM00692,1639000.0,JPY,Japan,2021,14914.900000000001,15723.0,-808.0999999999985,-5.139604401195692
SUBMERSIBLE,PAM00692,11500.0,GBP,UK,2021,15869.999999999998,15723.0,146.99999999999818,0.9349360809005799
SUBMERSIBLE,PAM00692,17200.0,USD,USA,2021,17200.0,15723.0,1477.0,9.393881574763085
LUMINOR,PAM00715,66000.0,EUR,France,2021,77880.0,79926.0,-2046.0,-2.559867877786953
LUMINOR,PAM00715,8217000.0,JPY,Japan,2021,74774.7,79926.0,-5151.300000000003,-6.445086705202316
LUMINOR,PAM00715,59400.0,GBP,UK,2021,81972.0,79926.0,2046.0,2.559867877786953
LUMINOR,PAM00715,85900.0,USD,USA,2021,85900.0,79926.0,5974.0,7.474413832795336
LUMINOR,PAM00722,8500.0,EUR,France,2021,10030.0,10121.0,-91.0,-0.8991206402529395
LUMINOR,PAM00722,1056000.0,JPY,Japan,2021,9609.6,10121.0,-511.39999999999964,-5.0528603892895925
LUMINOR,PAM00722,7400.0,GBP,UK,2021,10212.0,10121.0,91.0,0.8991206402529395
LUMINOR,PAM00722,11100.0,USD,USA,2021,11100.0,10121.0,979.0,9.672957217666237
LUMINOR-DUE,PAM00741,21500.0,EUR,France,2021,25370.0,26002.0,-632.0,-2.4305822629028535
LUMINOR-DUE,PAM00741,2695000.0,JPY,Japan,2021,24524.5,26002.0,-1477.5,-5.682255211137605
LUMINOR-DUE,PAM00741,19300.0,GBP,UK,2021,26633.999999999996,26002.0,631.9999999999964,2.4305822629028397
LUMINOR-DUE,PAM00741,28500.0,USD,USA,2021,28500.0,26002.0,2498.0,9.606953311283748
LUMINOR,PAM00742,46000.0,EUR,France,2021,54280.0,55706.0,-1426.0,-2.559867877786953
LUMINOR,PAM00742,5720000.0,JPY,Japan,2021,52052.0,55706.0,-3654.0,-6.559437044483539
LUMINOR,PAM00742,41400.0,GBP,UK,2021,57131.99999999999,55706.0,1425.9999999999927,2.5598678777869397
LUMINOR,PAM00742,59700.0,USD,USA,2021,59700.0,55706.0,3994.0,7.16978422432054
RADIOMIR,PAM00753,4400.0,EUR,France,2021,5192.0,5218.0,-26.0,-0.4982752012265236
RADIOMIR,PAM00753,550000.0,JPY,Japan,2021,5005.0,5218.0,-213.0,-4.082023763894212
RADIOMIR,PAM00753,3800.0,GBP,UK,2021,5244.0,5218.0,26.0,0.4982752012265236
RADIOMIR,PAM00753,5700.0,USD,USA,2021,5700.0,5218.0,482.0,9.237255653507091
RADIOMIR,PAM00754,4900.0,EUR,France,2021,5782.0,5789.0,-7.0,-0.12091898428053204
RADIOMIR,PAM00754,616000.0,JPY,Japan,2021,5605.6,5789.0,-183.39999999999964,-3.1680773881499333
RADIOMIR,PAM00754,4200.0,GBP,UK,2021,5796.0,5789.0,7.0,0.12091898428053204
RADIOMIR,PAM00754,6400.0,USD,USA,2021,6400.0,5789.0,611.0,10.554499913629297
LUMINOR-DUE,PAM00755,6100.0,EUR,France,2021,7198.0,7394.0,-196.0,-2.6507979442791454
LUMINOR-DUE,PAM00755,748000.0,JPY,Japan,2021,6806.8,7394.0,-587.1999999999998,-7.941574249391397
LUMINOR-DUE,PAM00755,5500.0,GBP,UK,2021,7589.999999999999,7394.0,195.9999999999991,2.650797944279133
LUMINOR-DUE,PAM00755,8000.0,USD,USA,2021,8000.0,7394.0,606.0,8.195834460373277
LUMINOR,PAM00764,12900.0,EUR,France,2021,15222.0,15546.0,-324.0,-2.084137398687765
LUMINOR,PAM00764,1606000.0,JPY,Japan,2021,14614.6,15546.0,-931.3999999999996,-5.991251768943777
LUMINOR,PAM00764,11500.0,GBP,UK,2021,15869.999999999998,15546.0,323.9999999999982,2.0841373986877536
LUMINOR,PAM00764,16800.0,USD,USA,2021,16800.0,15546.0,1254.0,8.066383635661907
LUMINOR,PAM00768,145000.0,EUR,France,2021,171100.0,175250.0,-4150.0,-2.3680456490727533
LUMINOR,PAM00768,18029000.0,JPY,Japan,2021,164063.9,175250.0,-11186.100000000006,-6.382938659058492
LUMINOR,PAM00768,130000.0,GBP,UK,2021,179400.0,175250.0,4150.0,2.3680456490727533
LUMINOR,PAM00768,189000.0,USD,USA,2021,189000.0,175250.0,13750.0,7.845934379457916
LUMINOR,PAM00774,4900.0,EUR,France,2021,5782.0,5858.0,-76.0,-1.297371116421987
LUMINOR,PAM00774,616000.0,JPY,Japan,2021,5605.6,5858.0,-252.39999999999964,-4.308637760327751
LUMINOR,PAM00774,4300.0,GBP,UK,2021,5933.999999999999,5858.0,75.99999999999909,1.2973711164219714
LUMINOR,PAM00774,6400.0,USD,USA,2021,6400.0,5858.0,542.0,9.252304540798907
LUMINOR,PAM00775,4900.0,EUR,France,2021,5782.0,5858.0,-76.0,-1.297371116421987
LUMINOR,PAM00775,616000.0,JPY,Japan,2021,5605.6,5858.0,-252.39999999999964,-4.308637760327751
LUMINOR,PAM00775,4300.0,GBP,UK,2021,5933.999999999999,5858.0,75.99999999999909,1.2973711164219714
LUMINOR,PAM00775,6400.0,USD,USA,2021,6400.0,5858.0,542.0,9.252304540798907
LUMINOR,PAM00776,5400.0,EUR,France,2021,6372.0,6498.0,-126.0,-1.9390581717451523
LUMINOR,PAM00776,671000.0,JPY,Japan,2021,6106.1,6498.0,-391.89999999999964,-6.031086488150194
LUMINOR,PAM00776,4800.0,GBP,UK,2021,6623.999999999999,6498.0,125.99999999999909,1.9390581717451383
LUMINOR,PAM00776,7100.0,USD,USA,2021,7100.0,6498.0,602.0,9.264389042782394
LUMINOR,PAM00777,5400.0,EUR,France,2021,6372.0,6498.0,-126.0,-1.9390581717451523
LUMINOR,PAM00777,671000.0,JPY,Japan,2021,6106.1,6498.0,-391.89999999999964,-6.031086488150194
LUMINOR,PAM00777,4800.0,GBP,UK,2021,6623.999999999999,6498.0,125.99999999999909,1.9390581717451383
LUMINOR,PAM00777,7100.0,USD,USA,2021,7100.0,6498.0,602.0,9.264389042782394
LUMINOR,PAM00778,5400.0,EUR,France,2021,6372.0,6498.0,-126.0,-1.9390581717451523
LUMINOR,PAM00778,671000.0,JPY,Japan,2021,6106.1,6498.0,-391.89999999999964,-6.031086488150194
LUMINOR,PAM00778,4800.0,GBP,UK,2021,6623.999999999999,6498.0,125.99999999999909,1.9390581717451383
LUMINOR,PAM00778,7100.0,USD,USA,2021,7100.0,6498.0,602.0,9.264389042782394
LUMINOR,PAM00779,7900.0,EUR,France,2021,9322.0,9491.0,-169.0,-1.7806342851122117
LUMINOR,PAM00779,990000.0,JPY,Japan,2021,9009.0,9491.0,-482.0,-5.078495416710568
LUMINOR,PAM00779,7000.0,GBP,UK,2021,9660.0,9491.0,169.0,1.7806342851122117
LUMINOR,PAM00779,10300.0,USD,USA,2021,10300.0,9491.0,809.0,8.523864713939522
LUMINOR,PAM00788,15500.0,EUR,France,2021,18290.0,18736.0,-446.0,-2.380444064901793
LUMINOR,PAM00788,1914000.0,JPY,Japan,2021,17417.4,18736.0,-1318.5999999999985,-7.037788215200676
LUMINOR,PAM00788,13900.0,GBP,UK,2021,19182.0,18736.0,446.0,2.380444064901793
LUMINOR,PAM00788,20200.0,USD,USA,2021,20200.0,18736.0,1464.0,7.813834329632792
LUMINOR,PAM00795,7200.0,EUR,France,2021,8496.0,8526.0,-30.0,-0.3518648838845883
LUMINOR,PAM00795,880000.0,JPY,Japan,2021,8008.0,8526.0,-518.0,-6.075533661740558
LUMINOR,PAM00795,6200.0,GBP,UK,2021,8556.0,8526.0,30.0,0.3518648838845883
LUMINOR,PAM00795,9400.0,USD,USA,2021,9400.0,8526.0,874.0,10.25099695050434
LUMINOR,PAM00797,7700.0,EUR,France,2021,9086.0,9097.0,-11.0,-0.12091898428053204
LUMINOR,PAM00797,957000.0,JPY,Japan,2021,8708.7,9097.0,-388.2999999999993,-4.268440145102773
LUMINOR,PAM00797,6600.0,GBP,UK,2021,9108.0,9097.0,11.0,0.12091898428053204
LUMINOR,PAM00797,10100.0,USD,USA,2021,10100.0,9097.0,1003.0,11.025612839397605
SUBMERSIBLE,PAM00799,14900.0,EUR,France,2021,17582.0,18037.0,-455.0,-2.5225924488551312
SUBMERSIBLE,PAM00799,1848000.0,JPY,Japan,2021,16816.8,18037.0,-1220.2000000000007,-6.764983090314358
SUBMERSIBLE,PAM00799,13400.0,GBP,UK,2021,18492.0,18037.0,455.0,2.5225924488551312
SUBMERSIBLE,PAM00799,19400.0,USD,USA,2021,19400.0,18037.0,1363.0,7.556689028108887
LUMINOR,PAM00915,6700.0,EUR,France,2021,7906.0,7955.0,-49.0,-0.6159648020113137
LUMINOR,PAM00915,836000.0,JPY,Japan,2021,7607.6,7955.0,-347.39999999999964,-4.367064739157757
LUMINOR,PAM00915,5800.0,GBP,UK,2021,8003.999999999999,7955.0,48.99999999999909,0.6159648020113022
LUMINOR,PAM00915,8800.0,USD,USA,2021,8800.0,7955.0,845.0,10.622250157133879
LUMINOR-DUE,PAM00926,6900.0,EUR,France,2021,8142.0,8280.0,-138.0,-1.6666666666666667
LUMINOR-DUE,PAM00926,858000.0,JPY,Japan,2021,7807.8,8280.0,-472.1999999999998,-5.702898550724635
LUMINOR-DUE,PAM00926,6100.0,GBP,UK,2021,8418.0,8280.0,138.0,1.6666666666666667
LUMINOR-DUE,PAM00926,9000.0,USD,USA,2021,9000.0,8280.0,720.0,8.695652173913043
LUMINOR-DUE,PAM00927,7200.0,EUR,France,2021,8496.0,8664.0,-168.0,-1.9390581717451523
LUMINOR-DUE,PAM00927,880000.0,JPY,Japan,2021,8008.0,8664.0,-656.0,-7.571560480147737
LUMINOR-DUE,PAM00927,6400.0,GBP,UK,2021,8832.0,8664.0,168.0,1.9390581717451523
LUMINOR-DUE,PAM00927,9400.0,USD,USA,2021,9400.0,8664.0,736.0,8.494921514312095
RADIOMIR,PAM00931,8500.0,EUR,France,2021,10030.0,10259.0,-229.0,-2.2321863729408324
RADIOMIR,PAM00931,1056000.0,JPY,Japan,2021,9609.6,10259.0,-649.3999999999996,-6.330051661955352
RADIOMIR,PAM00931,7600.0,GBP,UK,2021,10488.0,10259.0,229.0,2.2321863729408324
RADIOMIR,PAM00931,11100.0,USD,USA,2021,11100.0,10259.0,841.0,8.197680085778341
LUMINOR-DUE,PAM00944,10900.0,EUR,France,2021,12862.0,13124.0,-262.0,-1.99634257848217
LUMINOR-DUE,PAM00944,1353000.0,JPY,Japan,2021,12312.300000000001,13124.0,-811.6999999999989,-6.184852179213646
LUMINOR-DUE,PAM00944,9700.0,GBP,UK,2021,13385.999999999998,13124.0,261.9999999999982,1.9963425784821562
LUMINOR-DUE,PAM00944,14200.0,USD,USA,2021,14200.0,13124.0,1076.0,8.19871990246876
SUBMERSIBLE,PAM00960,16900.0,EUR,France,2021,19942.0,20390.0,-448.0,-2.1971554683668466
SUBMERSIBLE,PAM00960,2112000.0,JPY,Japan,2021,19219.2,20390.0,-1170.7999999999993,-5.742030407062282
SUBMERSIBLE,PAM00960,15100.0,GBP,UK,2021,20838.0,20390.0,448.0,2.1971554683668466
SUBMERSIBLE,PAM00960,22000.0,USD,USA,2021,22000.0,20390.0,1610.0,7.896027464443354
SUBMERSIBLE,PAM00961,39900.0,EUR,France,2021,47082.0,48243.0,-1161.0,-2.4065667557987687
SUBMERSIBLE,PAM00961,4972000.0,JPY,Japan,2021,45245.200000000004,48243.0,-2997.7999999999956,-6.213958501751541
SUBMERSIBLE,PAM00961,35800.0,GBP,UK,2021,49403.99999999999,48243.0,1160.9999999999927,2.4065667557987536
SUBMERSIBLE,PAM00961,52000.0,USD,USA,2021,52000.0,48243.0,3757.0,7.787658313123147
LUMINOR-DUE,PAM00964,11900.0,EUR,France,2021,14042.0,14266.0,-224.0,-1.5701668302257115
LUMINOR-DUE,PAM00964,1474000.0,JPY,Japan,2021,13413.400000000001,14266.0,-852.5999999999985,-5.976447497546604
LUMINOR-DUE,PAM00964,10500.0,GBP,UK,2021,14489.999999999998,14266.0,223.99999999999818,1.5701668302256988
LUMINOR-DUE,PAM00964,15500.0,USD,USA,2021,15500.0,14266.0,1234.0,8.649936912939857
SUBMERSIBLE,PAM00968,16500.0,EUR,France,2021,19470.0,19602.0,-132.0,-0.6734006734006733
SUBMERSIBLE,PAM00968,2057000.0,JPY,Japan,2021,18718.7,19602.0,-883.2999999999993,-4.50617283950617
SUBMERSIBLE,PAM00968,14300.0,GBP,UK,2021,19734.0,19602.0,132.0,0.6734006734006733
SUBMERSIBLE,PAM00968,20900.0,USD,USA,2021,20900.0,19602.0,1298.0,6.621773288439956
SUBMERSIBLE,PAM00973,8700.0,EUR,France,2021,10266.0,10377.0,-111.0,-1.0696733159872795
SUBMERSIBLE,PAM00973,1078000.0,JPY,Japan,2021,9809.800000000001,10377.0,-567.1999999999989,-5.465934277729584
SUBMERSIBLE,PAM00973,7600.0,GBP,UK,2021,10488.0,10377.0,111.0,1.0696733159872795
SUBMERSIBLE,PAM00973,11300.0,USD,USA,2021,11300.0,10377.0,923.0,8.894670906813145
LUMINOR,PAM00977,8500.0,EUR,France,2021,10030.0,10121.0,-91.0,-0.8991206402529395
LUMINOR,PAM00977,1056000.0,JPY,Japan,2021,9609.6,10121.0,-511.39999999999964,-5.0528603892895925
LUMINOR,PAM00977,7400.0,GBP,UK,2021,10212.0,10121.0,91.0,0.8991206402529395
LUMINOR,PAM00977,11100.0,USD,USA,2021,11100.0,10121.0,979.0,9.672957217666237
SUBMERSIBLE,PAM00979,18900.0,EUR,France,2021,22302.0,22881.0,-579.0,-2.530483807525895
SUBMERSIBLE,PAM00979,2354000.0,JPY,Japan,2021,21421.4,22881.0,-1459.5999999999985,-6.379091822909831
SUBMERSIBLE,PAM00979,17000.0,GBP,UK,2021,23460.0,22881.0,579.0,2.530483807525895
SUBMERSIBLE,PAM00979,24600.0,USD,USA,2021,24600.0,22881.0,1719.0,7.512783532188279
SUBMERSIBLE,PAM00982,18900.0,EUR,France,2021,22302.0,22881.0,-579.0,-2.530483807525895
SUBMERSIBLE,PAM00982,2354000.0,JPY,Japan,2021,21421.4,22881.0,-1459.5999999999985,-6.379091822909831
SUBMERSIBLE,PAM00982,17000.0,GBP,UK,2021,23460.0,22881.0,579.0,2.530483807525895
SUBMERSIBLE,PAM00982,24600.0,USD,USA,2021,24600.0,22881.0,1719.0,7.512783532188279
SUBMERSIBLE,PAM00983,38900.0,EUR,France,2021,45902.0,47032.0,-1130.0,-2.4026194931110734
SUBMERSIBLE,PAM00983,4774000.0,JPY,Japan,2021,43443.4,47032.0,-3588.5999999999985,-7.63012417077734
SUBMERSIBLE,PAM00983,34900.0,GBP,UK,2021,48161.99999999999,47032.0,1129.9999999999927,2.402619493111058
SUBMERSIBLE,PAM00983,50600.0,USD,USA,2021,50600.0,47032.0,3568.0,7.586324204796734
SUBMERSIBLE,PAM00984,19900.0,EUR,France,2021,23482.0,24092.0,-610.0,-2.5319608168686702
SUBMERSIBLE,PAM00984,2519000.0,JPY,Japan,2021,22922.9,24092.0,-1169.0999999999985,-4.852648181969112
SUBMERSIBLE,PAM00984,17900.0,GBP,UK,2021,24701.999999999996,24092.0,609.9999999999964,2.531960816868655
SUBMERSIBLE,PAM00984,25900.0,USD,USA,2021,25900.0,24092.0,1808.0,7.504565830981239
SUBMERSIBLE,PAM00985,39900.0,EUR,France,2021,47082.0,48243.0,-1161.0,-2.4065667557987687
SUBMERSIBLE,PAM00985,4972000.0,JPY,Japan,2021,45245.200000000004,48243.0,-2997.7999999999956,-6.213958501751541
SUBMERSIBLE,PAM00985,35800.0,GBP,UK,2021,49403.99999999999,48243.0,1160.9999999999927,2.4065667557987536
SUBMERSIBLE,PAM00985,52000.0,USD,USA,2021,52000.0,48243.0,3757.0,7.787658313123147
RADIOMIR,PAM00992,8300.0,EUR,France,2021,9794.0,10003.0,-209.0,-2.089373188043587
RADIOMIR,PAM00992,1023000.0,JPY,Japan,2021,9309.300000000001,10003.0,-693.6999999999989,-6.934919524142746
RADIOMIR,PAM00992,7400.0,GBP,UK,2021,10212.0,10003.0,209.0,2.089373188043587
RADIOMIR,PAM00992,10800.0,USD,USA,2021,10800.0,10003.0,797.0,7.967609717084874
RADIOMIR,PAM00995,10900.0,EUR,France,2021,12862.0,13193.0,-331.0,-2.508906238156598
RADIOMIR,PAM00995,1353000.0,JPY,Japan,2021,12312.300000000001,13193.0,-880.6999999999989,-6.675509740013635
RADIOMIR,PAM00995,9800.0,GBP,UK,2021,13523.999999999998,13193.0,330.9999999999982,2.5089062381565843
RADIOMIR,PAM00995,14200.0,USD,USA,2021,14200.0,13193.0,1007.0,7.632835594633518
RADIOMIR,PAM00997,12900.0,EUR,France,2021,15222.0,15546.0,-324.0,-2.084137398687765
RADIOMIR,PAM00997,1606000.0,JPY,Japan,2021,14614.6,15546.0,-931.3999999999996,-5.991251768943777
RADIOMIR,PAM00997,11500.0,GBP,UK,2021,15869.999999999998,15546.0,323.9999999999982,2.0841373986877536
RADIOMIR,PAM00997,16800.0,USD,USA,2021,16800.0,15546.0,1254.0,8.066383635661907
RADIOMIR,PAM00998,11700.0,EUR,France,2021,13806.0,14113.5,-307.5,-2.1787650122223403
RADIOMIR,PAM00998,1452000.0,JPY,Japan,2021,13213.2,14113.5,-900.2999999999993,-6.378998830906574
RADIOMIR,PAM00998,10450.0,GBP,UK,2021,14420.999999999998,14113.5,307.4999999999982,2.1787650122223274
RADIOMIR,PAM00998,15200.0,USD,USA,2021,15200.0,14113.5,1086.5,7.698303043185603
LUMINOR,PAM01028,8500.0,EUR,France,2021,10030.0,10121.0,-91.0,-0.8991206402529395
LUMINOR,PAM01028,1056000.0,JPY,Japan,2021,9609.6,10121.0,-511.39999999999964,-5.0528603892895925
LUMINOR,PAM01028,7400.0,GBP,UK,2021,10212.0,10121.0,91.0,0.8991206402529395
LUMINOR,PAM01028,11100.0,USD,USA,2021,11100.0,10121.0,979.0,9.672957217666237
LUMINOR-DUE,PAM01029,15400.0,EUR,France,2021,18172.0,18332.0,-160.0,-0.8727907484180668
LUMINOR-DUE,PAM01029,1903000.0,JPY,Japan,2021,17317.3,18332.0,-1014.7000000000007,-5.535129827623831
LUMINOR-DUE,PAM01029,13400.0,GBP,UK,2021,18492.0,18332.0,160.0,0.8727907484180668
LUMINOR-DUE,PAM01029,20000.0,USD,USA,2021,20000.0,18332.0,1668.0,9.098843552258346
LUMINOR,PAM01033,9100.0,EUR,France,2021,10738.0,10820.0,-82.0,-0.7578558225508317
LUMINOR,PAM01033,1122000.0,JPY,Japan,2021,10210.2,10820.0,-609.7999999999993,-5.635859519408496
LUMINOR,PAM01033,7900.0,GBP,UK,2021,10902.0,10820.0,82.0,0.7578558225508317
LUMINOR,PAM01033,11900.0,USD,USA,2021,11900.0,10820.0,1080.0,9.981515711645102
LUMINOR,PAM01036,10900.0,EUR,France,2021,12862.0,13193.0,-331.0,-2.508906238156598
LUMINOR,PAM01036,1353000.0,JPY,Japan,2021,12312.300000000001,13193.0,-880.6999999999989,-6.675509740013635
LUMINOR,PAM01036,9800.0,GBP,UK,2021,13523.999999999998,13193.0,330.9999999999982,2.5089062381565843
LUMINOR,PAM01036,14200.0,USD,USA,2021,14200.0,13193.0,1007.0,7.632835594633518
LUMINOR,PAM01037,17500.0,EUR,France,2021,20650.0,21158.0,-508.0,-2.4009830796861706
LUMINOR,PAM01037,2189000.0,JPY,Japan,2021,19919.9,21158.0,-1238.0999999999985,-5.8516873050382765
LUMINOR,PAM01037,15700.0,GBP,UK,2021,21666.0,21158.0,508.0,2.4009830796861706
LUMINOR,PAM01037,22700.0,USD,USA,2021,22700.0,21158.0,1542.0,7.288023442669439
LUMINOR,PAM01038,23500.0,EUR,France,2021,27730.0,28424.0,-694.0,-2.4415986490289896
LUMINOR,PAM01038,2926000.0,JPY,Japan,2021,26626.600000000002,28424.0,-1797.3999999999978,-6.3235294117646985
LUMINOR,PAM01038,21100.0,GBP,UK,2021,29117.999999999996,28424.0,693.9999999999964,2.4415986490289767
LUMINOR,PAM01038,30600.0,USD,USA,2021,30600.0,28424.0,2176.0,7.655502392344498
SUBMERSIBLE,PAM01039,21000.0,EUR,France,2021,24780.0,25362.0,-582.0,-2.294771705701443
SUBMERSIBLE,PAM01039,2629000.0,JPY,Japan,2021,23923.9,25362.0,-1438.0999999999985,-5.670294140840622
SUBMERSIBLE,PAM01039,18800.0,GBP,UK,2021,25943.999999999996,25362.0,581.9999999999964,2.2947717057014287
SUBMERSIBLE,PAM01039,27400.0,USD,USA,2021,27400.0,25362.0,2038.0,8.035643876665878
LUMINOR-DUE,PAM01041,18400.0,EUR,France,2021,21712.0,21896.0,-184.0,-0.8403361344537815
LUMINOR-DUE,PAM01041,2310000.0,JPY,Japan,2021,21021.0,21896.0,-875.0,-3.99616368286445
LUMINOR-DUE,PAM01041,16000.0,GBP,UK,2021,22080.0,21896.0,184.0,0.8403361344537815
LUMINOR-DUE,PAM01041,24000.0,USD,USA,2021,24000.0,21896.0,2104.0,9.609061015710632
LUMINOR-DUE,PAM01042,18400.0,EUR,France,2021,21712.0,21896.0,-184.0,-0.8403361344537815
LUMINOR-DUE,PAM01042,2310000.0,JPY,Japan,2021,21021.0,21896.0,-875.0,-3.99616368286445
LUMINOR-DUE,PAM01042,16000.0,GBP,UK,2021,22080.0,21896.0,184.0,0.8403361344537815
LUMINOR-DUE,PAM01042,24000.0,USD,USA,2021,24000.0,21896.0,2104.0,9.609061015710632
LUMINOR-DUE,PAM01043,6100.0,EUR,France,2021,7198.0,7394.0,-196.0,-2.6507979442791454
LUMINOR-DUE,PAM01043,748000.0,JPY,Japan,2021,6806.8,7394.0,-587.1999999999998,-7.941574249391397
LUMINOR-DUE,PAM01043,5500.0,GBP,UK,2021,7589.999999999999,7394.0,195.9999999999991,2.650797944279133
LUMINOR-DUE,PAM01043,8000.0,USD,USA,2021,8000.0,7394.0,606.0,8.195834460373277
LUMINOR-DUE,PAM01045,15400.0,EUR,France,2021,18172.0,18332.0,-160.0,-0.8727907484180668
LUMINOR-DUE,PAM01045,1903000.0,JPY,Japan,2021,17317.3,18332.0,-1014.7000000000007,-5.535129827623831
LUMINOR-DUE,PAM01045,13400.0,GBP,UK,2021,18492.0,18332.0,160.0,0.8727907484180668
LUMINOR-DUE,PAM01045,20000.0,USD,USA,2021,20000.0,18332.0,1668.0,9.098843552258346
LUMINOR-DUE,PAM01046,6400.0,EUR,France,2021,7552.0,7709.0,-157.0,-2.036580620054482
LUMINOR-DUE,PAM01046,781000.0,JPY,Japan,2021,7107.1,7709.0,-601.8999999999996,-7.807757166947718
LUMINOR-DUE,PAM01046,5700.0,GBP,UK,2021,7865.999999999999,7709.0,156.9999999999991,2.03658062005447
LUMINOR-DUE,PAM01046,8300.0,USD,USA,2021,8300.0,7709.0,591.0,7.666363990141393
LUMINOR,PAM01060,166000.0,EUR,France,2021,195880.0,200198.0,-4318.0,-2.1568647039430964
LUMINOR,PAM01060,20712000.0,JPY,Japan,2021,188479.2,200198.0,-11718.799999999988,-5.853604931118187
LUMINOR,PAM01060,148200.0,GBP,UK,2021,204515.99999999997,200198.0,4317.999999999971,2.156864703943082
LUMINOR,PAM01060,217000.0,USD,USA,2021,217000.0,200198.0,16802.0,8.392691235676681
SUBMERSIBLE,PAM01068,10500.0,EUR,France,2021,12390.0,12646.5,-256.5,-2.0282291543114694
SUBMERSIBLE,PAM01068,1320000.0,JPY,Japan,2021,12012.0,12646.5,-634.5,-5.017198434349425
SUBMERSIBLE,PAM01068,9350.0,GBP,UK,2021,12902.999999999998,12646.5,256.4999999999982,2.0282291543114552
SUBMERSIBLE,PAM01068,13700.0,USD,USA,2021,13700.0,12646.5,1053.5,8.330368086031708
SUBMERSIBLE,PAM01070,29900.0,EUR,France,2021,35282.0,36202.0,-920.0,-2.5412960609911055
SUBMERSIBLE,PAM01070,3619000.0,JPY,Japan,2021,32932.9,36202.0,-3269.0999999999985,-9.03016407933263
SUBMERSIBLE,PAM01070,26900.0,GBP,UK,2021,37122.0,36202.0,920.0,2.5412960609911055
SUBMERSIBLE,PAM01070,39000.0,USD,USA,2021,39000.0,36202.0,2798.0,7.728854759405558
SUBMERSIBLE,PAM01074,15500.0,EUR,France,2021,18290.0,18736.0,-446.0,-2.380444064901793
SUBMERSIBLE,PAM01074,1914000.0,JPY,Japan,2021,17417.4,18736.0,-1318.5999999999985,-7.037788215200676
SUBMERSIBLE,PAM01074,13900.0,GBP,UK,2021,19182.0,18736.0,446.0,2.380444064901793
SUBMERSIBLE,PAM01074,20200.0,USD,USA,2021,20200.0,18736.0,1464.0,7.813834329632792
LUMINOR,PAM01075,9500.0,EUR,France,2021,11210.0,11470.0,-260.0,-2.2667829119442024
LUMINOR,PAM01075,1155000.0,JPY,Japan,2021,10510.5,11470.0,-959.5,-8.365300784655624
LUMINOR,PAM01075,8500.0,GBP,UK,2021,11730.0,11470.0,260.0,2.2667829119442024
LUMINOR,PAM01075,12400.0,USD,USA,2021,12400.0,11470.0,930.0,8.108108108108109
RADIOMIR,PAM01078,10900.0,EUR,France,2021,12862.0,13193.0,-331.0,-2.508906238156598
RADIOMIR,PAM01078,1353000.0,JPY,Japan,2021,12312.300000000001,13193.0,-880.6999999999989,-6.675509740013635
RADIOMIR,PAM01078,9800.0,GBP,UK,2021,13523.999999999998,13193.0,330.9999999999982,2.5089062381565843
RADIOMIR,PAM01078,14200.0,USD,USA,2021,14200.0,13193.0,1007.0,7.632835594633518
LUMINOR,PAM01084,5400.0,EUR,France,2021,6372.0,6498.0,-126.0,-1.9390581717451523
LUMINOR,PAM01084,671000.0,JPY,Japan,2021,6106.1,6498.0,-391.89999999999964,-6.031086488150194
LUMINOR,PAM01084,4800.0,GBP,UK,2021,6623.999999999999,6498.0,125.99999999999909,1.9390581717451383
LUMINOR,PAM01084,7100.0,USD,USA,2021,7100.0,6498.0,602.0,9.264389042782394
LUMINOR,PAM01085,5400.0,EUR,France,2021,6372.0,6498.0,-126.0,-1.9390581717451523
LUMINOR,PAM01085,671000.0,JPY,Japan,2021,6106.1,6498.0,-391.89999999999964,-6.031086488150194
LUMINOR,PAM01085,4800.0,GBP,UK,2021,6623.999999999999,6498.0,125.99999999999909,1.9390581717451383
LUMINOR,PAM01085,7100.0,USD,USA,2021,7100.0,6498.0,602.0,9.264389042782394
LUMINOR,PAM01086,4900.0,EUR,France,2021,5782.0,5858.0,-76.0,-1.297371116421987
LUMINOR,PAM01086,616000.0,JPY,Japan,2021,5605.6,5858.0,-252.39999999999964,-4.308637760327751
LUMINOR,PAM01086,4300.0,GBP,UK,2021,5933.999999999999,5858.0,75.99999999999909,1.2973711164219714
LUMINOR,PAM01086,6400.0,USD,USA,2021,6400.0,5858.0,542.0,9.252304540798907
LUMINOR,PAM01088,7300.0,EUR,France,2021,8614.0,8792.0,-178.0,-2.024567788898999
LUMINOR,PAM01088,913000.0,JPY,Japan,2021,8308.300000000001,8792.0,-483.6999999999989,-5.501592356687886
LUMINOR,PAM01088,6500.0,GBP,UK,2021,8970.0,8792.0,178.0,2.024567788898999
LUMINOR,PAM01088,9500.0,USD,USA,2021,9500.0,8792.0,708.0,8.05277525022748
LUMINOR,PAM01090,7500.0,EUR,France,2021,8850.0,9048.0,-198.0,-2.1883289124668437
LUMINOR,PAM01090,946000.0,JPY,Japan,2021,8608.6,9048.0,-439.39999999999964,-4.856321839080456
LUMINOR,PAM01090,6700.0,GBP,UK,2021,9246.0,9048.0,198.0,2.1883289124668437
LUMINOR,PAM01090,9800.0,USD,USA,2021,9800.0,9048.0,752.0,8.311229000884174
LUMINOR,PAM01096,10800.0,EUR,France,2021,12744.0,13065.0,-321.0,-2.456946039035591
LUMINOR,PAM01096,1309000.0,JPY,Japan,2021,11911.900000000001,13065.0,-1153.0999999999985,-8.825870646766159
LUMINOR,PAM01096,9700.0,GBP,UK,2021,13385.999999999998,13065.0,320.9999999999982,2.4569460390355773
LUMINOR,PAM01096,14100.0,USD,USA,2021,14100.0,13065.0,1035.0,7.921928817451206
LUMINOR,PAM01109,8900.0,EUR,France,2021,10502.0,10771.0,-269.0,-2.497446848017826
LUMINOR,PAM01109,1100000.0,JPY,Japan,2021,10010.0,10771.0,-761.0,-7.065267848853403
LUMINOR,PAM01109,8000.0,GBP,UK,2021,11040.0,10771.0,269.0,2.497446848017826
LUMINOR,PAM01109,11600.0,USD,USA,2021,11600.0,10771.0,829.0,7.6965927026274255
LUMINOR,PAM01110,9700.0,EUR,France,2021,11446.0,11726.0,-280.0,-2.3878560463926317
LUMINOR,PAM01110,1210000.0,JPY,Japan,2021,11011.0,11726.0,-715.0,-6.097560975609756
LUMINOR,PAM01110,8700.0,GBP,UK,2021,12005.999999999998,11726.0,279.9999999999982,2.387856046392616
LUMINOR,PAM01110,12600.0,USD,USA,2021,12600.0,11726.0,874.0,7.453522087668429
LUMINOR,PAM01111,26500.0,EUR,France,2021,31270.0,32057.0,-787.0,-2.4550020276382694
LUMINOR,PAM01111,3234000.0,JPY,Japan,2021,29429.4,32057.0,-2627.5999999999985,-8.19664971769036
LUMINOR,PAM01111,23800.0,GBP,UK,2021,32844.0,32057.0,787.0,2.4550020276382694
LUMINOR,PAM01111,34500.0,USD,USA,2021,34500.0,32057.0,2443.0,7.620800449199863
LUMINOR,PAM01112,23600.0,EUR,France,2021,27848.0,28138.0,-290.0,-1.0306347288364488
LUMINOR,PAM01112,2926000.0,JPY,Japan,2021,26626.600000000002,28138.0,-1511.3999999999978,-5.371383893666919
LUMINOR,PAM01112,20600.0,GBP,UK,2021,28427.999999999996,28138.0,289.99999999999636,1.0306347288364361
LUMINOR,PAM01112,30700.0,USD,USA,2021,30700.0,28138.0,2562.0,9.105124742341317
LUMINOR,PAM01114,27900.0,EUR,France,2021,32922.0,33780.0,-858.0,-2.5399644760213147
LUMINOR,PAM01114,3432000.0,JPY,Japan,2021,31231.2,33780.0,-2548.7999999999993,-7.545293072824154
LUMINOR,PAM01114,25100.0,GBP,UK,2021,34638.0,33780.0,858.0,2.5399644760213147
LUMINOR,PAM01114,36300.0,USD,USA,2021,36300.0,33780.0,2520.0,7.460035523978685
LUMINOR,PAM01115,27900.0,EUR,France,2021,32922.0,33780.0,-858.0,-2.5399644760213147
LUMINOR,PAM01115,3432000.0,JPY,Japan,2021,31231.2,33780.0,-2548.7999999999993,-7.545293072824154
LUMINOR,PAM01115,25100.0,GBP,UK,2021,34638.0,33780.0,858.0,2.5399644760213147
LUMINOR,PAM01115,36300.0,USD,USA,2021,36300.0,33780.0,2520.0,7.460035523978685
LUMINOR,PAM01116,38500.0,EUR,France,2021,45430.0,46520.0,-1090.0,-2.343078245915735
LUMINOR,PAM01116,4774000.0,JPY,Japan,2021,43443.4,46520.0,-3076.5999999999985,-6.613499570077383
LUMINOR,PAM01116,34500.0,GBP,UK,2021,47609.99999999999,46520.0,1089.9999999999927,2.3430782459157196
LUMINOR,PAM01116,50100.0,USD,USA,2021,50100.0,46520.0,3580.0,7.695614789337919
LUMINOR,PAM01117,19000.0,EUR,France,2021,22420.0,23009.0,-589.0,-2.559867877786953
LUMINOR,PAM01117,2365000.0,JPY,Japan,2021,21521.5,23009.0,-1487.5,-6.46486157590508
LUMINOR,PAM01117,17100.0,GBP,UK,2021,23597.999999999996,23009.0,588.9999999999964,2.5598678777869375
LUMINOR,PAM01117,24900.0,USD,USA,2021,24900.0,23009.0,1891.0,8.218523186579164
LUMINOR,PAM01118,16000.0,EUR,France,2021,18880.0,19307.0,-427.0,-2.211633086445331
LUMINOR,PAM01118,1991000.0,JPY,Japan,2021,18118.100000000002,19307.0,-1188.8999999999978,-6.157870202517211
LUMINOR,PAM01118,14300.0,GBP,UK,2021,19734.0,19307.0,427.0,2.211633086445331
LUMINOR,PAM01118,20900.0,USD,USA,2021,20900.0,19307.0,1593.0,8.250893458331175
LUMINOR,PAM01119,19000.0,EUR,France,2021,22420.0,23009.0,-589.0,-2.559867877786953
LUMINOR,PAM01119,2365000.0,JPY,Japan,2021,21521.5,23009.0,-1487.5,-6.46486157590508
LUMINOR,PAM01119,17100.0,GBP,UK,2021,23597.999999999996,23009.0,588.9999999999964,2.5598678777869375
LUMINOR,PAM01119,24900.0,USD,USA,2021,24900.0,23009.0,1891.0,8.218523186579164
LUMINOR,PAM01122,19000.0,EUR,France,2021,22420.0,23009.0,-589.0,-2.559867877786953
LUMINOR,PAM01122,2365000.0,JPY,Japan,2021,21521.5,23009.0,-1487.5,-6.46486157590508
LUMINOR,PAM01122,17100.0,GBP,UK,2021,23597.999999999996,23009.0,588.9999999999964,2.5598678777869375
LUMINOR,PAM01122,24900.0,USD,USA,2021,24900.0,23009.0,1891.0,8.218523186579164
LUMINOR-DUE,PAM01123,6900.0,EUR,France,2021,8142.0,8280.0,-138.0,-1.6666666666666667
LUMINOR-DUE,PAM01123,858000.0,JPY,Japan,2021,7807.8,8280.0,-472.1999999999998,-5.702898550724635
LUMINOR-DUE,PAM01123,6100.0,GBP,UK,2021,8418.0,8280.0,138.0,1.6666666666666667
LUMINOR-DUE,PAM01123,9000.0,USD,USA,2021,9000.0,8280.0,720.0,8.695652173913043
LUMINOR-DUE,PAM01124,7200.0,EUR,France,2021,8496.0,8664.0,-168.0,-1.9390581717451523
LUMINOR-DUE,PAM01124,880000.0,JPY,Japan,2021,8008.0,8664.0,-656.0,-7.571560480147737
LUMINOR-DUE,PAM01124,6400.0,GBP,UK,2021,8832.0,8664.0,168.0,1.9390581717451523
LUMINOR-DUE,PAM01124,9400.0,USD,USA,2021,9400.0,8664.0,736.0,8.494921514312095
LUMINOR,PAM01135,21900.0,EUR,France,2021,25842.0,26514.0,-672.0,-2.534510070151618
LUMINOR,PAM01135,2750000.0,JPY,Japan,2021,25025.0,26514.0,-1489.0,-5.615901033416308
LUMINOR,PAM01135,19700.0,GBP,UK,2021,27185.999999999996,26514.0,671.9999999999964,2.534510070151604
LUMINOR,PAM01135,28500.0,USD,USA,2021,28500.0,26514.0,1986.0,7.490382439465942
RADIOMIR,PAM01144,7900.0,EUR,France,2021,9322.0,9491.0,-169.0,-1.7806342851122117
RADIOMIR,PAM01144,968000.0,JPY,Japan,2021,8808.800000000001,9491.0,-682.1999999999989,-7.1878621852281
RADIOMIR,PAM01144,7000.0,GBP,UK,2021,9660.0,9491.0,169.0,1.7806342851122117
RADIOMIR,PAM01144,10300.0,USD,USA,2021,10300.0,9491.0,809.0,8.523864713939522
LUMINOR,PAM01157,8500.0,EUR,France,2021,10030.0,10259.0,-229.0,-2.2321863729408324
LUMINOR,PAM01157,1056000.0,JPY,Japan,2021,9609.6,10259.0,-649.3999999999996,-6.330051661955352
LUMINOR,PAM01157,7600.0,GBP,UK,2021,10488.0,10259.0,229.0,2.2321863729408324
LUMINOR,PAM01157,11100.0,USD,USA,2021,11100.0,10259.0,841.0,8.197680085778341
SUBMERSIBLE,PAM01164,27200.0,EUR,France,2021,32096.0,32470.0,-374.0,-1.1518324607329842
SUBMERSIBLE,PAM01164,3388000.0,JPY,Japan,2021,30830.800000000003,32470.0,-1639.199999999997,-5.0483523252232745
SUBMERSIBLE,PAM01164,23800.0,GBP,UK,2021,32844.0,32470.0,374.0,1.1518324607329842
SUBMERSIBLE,PAM01164,35400.0,USD,USA,2021,35400.0,32470.0,2930.0,9.023714197720974
SUBMERSIBLE,PAM01209,9500.0,EUR,France,2021,11210.0,11470.0,-260.0,-2.2667829119442024
SUBMERSIBLE,PAM01209,1188000.0,JPY,Japan,2021,10810.800000000001,11470.0,-659.1999999999989,-5.74716652136006
SUBMERSIBLE,PAM01209,8500.0,GBP,UK,2021,11730.0,11470.0,260.0,2.2667829119442024
SUBMERSIBLE,PAM01209,12400.0,USD,USA,2021,12400.0,11470.0,930.0,8.108108108108109
LUMINOR,PAM01218,8900.0,EUR,France,2021,10502.0,10771.0,-269.0,-2.497446848017826
LUMINOR,PAM01218,1100000.0,JPY,Japan,2021,10010.0,10771.0,-761.0,-7.065267848853403
LUMINOR,PAM01218,8000.0,GBP,UK,2021,11040.0,10771.0,269.0,2.497446848017826
LUMINOR,PAM01218,11600.0,USD,USA,2021,11600.0,10771.0,829.0,7.6965927026274255
SUBMERSIBLE,PAM01223,8700.0,EUR,France,2021,10266.0,10515.0,-249.0,-2.3680456490727533
SUBMERSIBLE,PAM01223,1078000.0,JPY,Japan,2021,9809.800000000001,10515.0,-705.1999999999989,-6.706609605325715
SUBMERSIBLE,PAM01223,7800.0,GBP,UK,2021,10764.0,10515.0,249.0,2.3680456490727533
SUBMERSIBLE,PAM01223,11300.0,USD,USA,2021,11300.0,10515.0,785.0,7.465525439847837
SUBMERSIBLE,PAM01225,60000.0,EUR,France,2021,70800.0,72660.0,-1860.0,-2.559867877786953
SUBMERSIBLE,PAM01225,7458000.0,JPY,Japan,2021,67867.8,72660.0,-4792.199999999997,-6.595375722543348
SUBMERSIBLE,PAM01225,54000.0,GBP,UK,2021,74520.0,72660.0,1860.0,2.559867877786953
SUBMERSIBLE,PAM01225,78300.0,USD,USA,2021,78300.0,72660.0,5640.0,7.762180016515277
SUBMERSIBLE,PAM01240,45000.0,EUR,France,2021,53100.0,54426.0,-1326.0,-2.4363355749090507
SUBMERSIBLE,PAM01240,5610000.0,JPY,Japan,2021,51051.0,54426.0,-3375.0,-6.201080366001543
SUBMERSIBLE,PAM01240,40400.0,GBP,UK,2021,55751.99999999999,54426.0,1325.9999999999927,2.4363355749090374
SUBMERSIBLE,PAM01240,58800.0,USD,USA,2021,58800.0,54426.0,4374.0,8.036600154338
RADIOMIR,PAM01243,7900.0,EUR,France,2021,9322.0,9491.0,-169.0,-1.7806342851122117
RADIOMIR,PAM01243,990000.0,JPY,Japan,2021,9009.0,9491.0,-482.0,-5.078495416710568
RADIOMIR,PAM01243,7000.0,GBP,UK,2021,9660.0,9491.0,169.0,1.7806342851122117
RADIOMIR,PAM01243,10300.0,USD,USA,2021,10300.0,9491.0,809.0,8.523864713939522
LUMINOR-DUE,PAM01247,6100.0,EUR,France,2021,7198.0,7394.0,-196.0,-2.6507979442791454
LUMINOR-DUE,PAM01247,759000.0,JPY,Japan,2021,6906.900000000001,7394.0,-487.09999999999945,-6.587773870705971
LUMINOR-DUE,PAM01247,5500.0,GBP,UK,2021,7589.999999999999,7394.0,195.9999999999991,2.650797944279133
LUMINOR-DUE,PAM01247,8000.0,USD,USA,2021,8000.0,7394.0,606.0,8.195834460373277
LUMINOR-DUE,PAM01248,6100.0,EUR,France,2021,7198.0,7394.0,-196.0,-2.6507979442791454
LUMINOR-DUE,PAM01248,759000.0,JPY,Japan,2021,6906.900000000001,7394.0,-487.09999999999945,-6.587773870705971
LUMINOR-DUE,PAM01248,5500.0,GBP,UK,2021,7589.999999999999,7394.0,195.9999999999991,2.650797944279133
LUMINOR-DUE,PAM01248,8000.0,USD,USA,2021,8000.0,7394.0,606.0,8.195834460373277
LUMINOR-DUE,PAM01249,6400.0,EUR,France,2021,7552.0,7709.0,-157.0,-2.036580620054482
LUMINOR-DUE,PAM01249,781000.0,JPY,Japan,2021,7107.1,7709.0,-601.8999999999996,-7.807757166947718
LUMINOR-DUE,PAM01249,5700.0,GBP,UK,2021,7865.999999999999,7709.0,156.9999999999991,2.03658062005447
LUMINOR-DUE,PAM01249,8300.0,USD,USA,2021,8300.0,7709.0,591.0,7.666363990141393
LUMINOR-DUE,PAM01250,6400.0,EUR,France,2021,7552.0,7709.0,-157.0,-2.036580620054482
LUMINOR-DUE,PAM01250,781000.0,JPY,Japan,2021,7107.1,7709.0,-601.8999999999996,-7.807757166947718
LUMINOR-DUE,PAM01250,5700.0,GBP,UK,2021,7865.999999999999,7709.0,156.9999999999991,2.03658062005447
LUMINOR-DUE,PAM01250,8300.0,USD,USA,2021,8300.0,7709.0,591.0,7.666363990141393
LUMINOR,PAM01270,6900.0,EUR,France,2021,8142.0,8280.0,-138.0,-1.6666666666666667
LUMINOR,PAM01270,858000.0,JPY,Japan,2021,7807.8,8280.0,-472.1999999999998,-5.702898550724635
LUMINOR,PAM01270,6100.0,GBP,UK,2021,8418.0,8280.0,138.0,1.6666666666666667
LUMINOR,PAM01270,9000.0,USD,USA,2021,9000.0,8280.0,720.0,8.695652173913043
LUMINOR,PAM01271,6900.0,EUR,France,2021,8142.0,8280.0,-138.0,-1.6666666666666667
LUMINOR,PAM01271,858000.0,JPY,Japan,2021,7807.8,8280.0,-472.1999999999998,-5.702898550724635
LUMINOR,PAM01271,6100.0,GBP,UK,2021,8418.0,8280.0,138.0,1.6666666666666667
LUMINOR,PAM01271,9000.0,USD,USA,2021,9000.0,8280.0,720.0,8.695652173913043
LUMINOR,PAM01272,6900.0,EUR,France,2021,8142.0,8280.0,-138.0,-1.6666666666666667
LUMINOR,PAM01272,858000.0,JPY,Japan,2021,7807.8,8280.0,-472.1999999999998,-5.702898550724635
LUMINOR,PAM01272,6100.0,GBP,UK,2021,8418.0,8280.0,138.0,1.6666666666666667
LUMINOR,PAM01272,9000.0,USD,USA,2021,9000.0,8280.0,720.0,8.695652173913043
LUMINOR-DUE,PAM01273,6100.0,EUR,France,2021,7198.0,7394.0,-196.0,-2.6507979442791454
LUMINOR-DUE,PAM01273,759000.0,JPY,Japan,2021,6906.900000000001,7394.0,-487.09999999999945,-6.587773870705971
LUMINOR-DUE,PAM01273,5500.0,GBP,UK,2021,7589.999999999999,7394.0,195.9999999999991,2.650797944279133
LUMINOR-DUE,PAM01273,8000.0,USD,USA,2021,8000.0,7394.0,606.0,8.195834460373277
LUMINOR,PAM01279,9900.0,EUR,France,2021,11682.0,11982.0,-300.0,-2.5037556334501754
LUMINOR,PAM01279,1232000.0,JPY,Japan,2021,11211.2,11982.0,-770.7999999999993,-6.4329828075446445
LUMINOR,PAM01279,8900.0,GBP,UK,2021,12281.999999999998,11982.0,299.9999999999982,2.5037556334501603
LUMINOR,PAM01279,12900.0,USD,USA,2021,12900.0,11982.0,918.0,7.661492238357537
LUMINOR-DUE,PAM01280,16400.0,EUR,France,2021,19352.0,19819.0,-467.0,-2.3563247388869266
LUMINOR-DUE,PAM01280,2046000.0,JPY,Japan,2021,18618.600000000002,19819.0,-1200.3999999999978,-6.056814168222402
LUMINOR-DUE,PAM01280,14700.0,GBP,UK,2021,20286.0,19819.0,467.0,2.3563247388869266
LUMINOR-DUE,PAM01280,21400.0,USD,USA,2021,21400.0,19819.0,1581.0,7.977193602098996
SUBMERSIBLE,PAM01291,19900.0,EUR,France,2021,23482.0,24092.0,-610.0,-2.5319608168686702
SUBMERSIBLE,PAM01291,2519000.0,JPY,Japan,2021,22922.9,24092.0,-1169.0999999999985,-4.852648181969112
SUBMERSIBLE,PAM01291,17900.0,GBP,UK,2021,24701.999999999996,24092.0,609.9999999999964,2.531960816868655
SUBMERSIBLE,PAM01291,25900.0,USD,USA,2021,25900.0,24092.0,1808.0,7.504565830981239
LUMINOR,PAM01298,15500.0,EUR,France,2021,18290.0,18736.0,-446.0,-2.380444064901793
LUMINOR,PAM01298,1914000.0,JPY,Japan,2021,17417.4,18736.0,-1318.5999999999985,-7.037788215200676
LUMINOR,PAM01298,13900.0,GBP,UK,2021,19182.0,18736.0,446.0,2.380444064901793
LUMINOR,PAM01298,20200.0,USD,USA,2021,20200.0,18736.0,1464.0,7.813834329632792
LUMINOR,PAM01303,9100.0,EUR,France,2021,10738.0,10958.0,-220.0,-2.007665632414674
LUMINOR,PAM01303,1122000.0,JPY,Japan,2021,10210.2,10958.0,-747.7999999999993,-6.824237999634963
LUMINOR,PAM01303,8100.0,GBP,UK,2021,11178.0,10958.0,220.0,2.007665632414674
LUMINOR,PAM01303,11900.0,USD,USA,2021,11900.0,10958.0,942.0,8.596459207884651
SUBMERSIBLE,PAM01305,9600.0,EUR,France,2021,11328.0,11391.0,-63.0,-0.5530682117461154
SUBMERSIBLE,PAM01305,1199000.0,JPY,Japan,2021,10910.9,11391.0,-480.10000000000036,-4.214730927925558
SUBMERSIBLE,PAM01305,8300.0,GBP,UK,2021,11454.0,11391.0,63.0,0.5530682117461154
SUBMERSIBLE,PAM01305,12500.0,USD,USA,2021,12500.0,11391.0,1109.0,9.735756298832412
LUMINOR-DUE,PAM01306,6100.0,EUR,France,2021,7198.0,7394.0,-196.0,-2.6507979442791454
LUMINOR-DUE,PAM01306,759000.0,JPY,Japan,2021,6906.900000000001,7394.0,-487.09999999999945,-6.587773870705971
LUMINOR-DUE,PAM01306,5500.0,GBP,UK,2021,7589.999999999999,7394.0,195.9999999999991,2.650797944279133
LUMINOR-DUE,PAM01306,8000.0,USD,USA,2021,8000.0,7394.0,606.0,8.195834460373277
LUMINOR,PAM01312,7900.0,EUR,France,2021,9322.0,9353.0,-31.0,-0.3314444563241741
LUMINOR,PAM01312,990000.0,JPY,Japan,2021,9009.0,9353.0,-344.0,-3.6779642895327704
LUMINOR,PAM01312,6800.0,GBP,UK,2021,9384.0,9353.0,31.0,0.3314444563241741
LUMINOR,PAM01312,10300.0,USD,USA,2021,10300.0,9353.0,947.0,10.125093552870737
LUMINOR,PAM01313,7900.0,EUR,France,2021,9322.0,9353.0,-31.0,-0.3314444563241741
LUMINOR,PAM01313,990000.0,JPY,Japan,2021,9009.0,9353.0,-344.0,-3.6779642895327704
LUMINOR,PAM01313,6800.0,GBP,UK,2021,9384.0,9353.0,31.0,0.3314444563241741
LUMINOR,PAM01313,10300.0,USD,USA,2021,10300.0,9353.0,947.0,10.125093552870737
LUMINOR,PAM01314,7900.0,EUR,France,2021,9322.0,9353.0,-31.0,-0.3314444563241741
LUMINOR,PAM01314,990000.0,JPY,Japan,2021,9009.0,9353.0,-344.0,-3.6779642895327704
LUMINOR,PAM01314,6800.0,GBP,UK,2021,9384.0,9353.0,31.0,0.3314444563241741
LUMINOR,PAM01314,10300.0,USD,USA,2021,10300.0,9353.0,947.0,10.125093552870737
LUMINOR,PAM01316,8700.0,EUR,France,2021,10266.0,10377.0,-111.0,-1.0696733159872795
LUMINOR,PAM01316,1078000.0,JPY,Japan,2021,9809.800000000001,10377.0,-567.1999999999989,-5.465934277729584
LUMINOR,PAM01316,7600.0,GBP,UK,2021,10488.0,10377.0,111.0,1.0696733159872795
LUMINOR,PAM01316,11300.0,USD,USA,2021,11300.0,10377.0,923.0,8.894670906813145
LUMINOR,PAM01321,9500.0,EUR,France,2021,11210.0,11194.0,16.0,0.1429337144899053
LUMINOR,PAM01321,1188000.0,JPY,Japan,2021,10810.800000000001,11194.0,-383.1999999999989,-3.4232624620332226
LUMINOR,PAM01321,8100.0,GBP,UK,2021,11178.0,11194.0,-16.0,-0.1429337144899053
LUMINOR,PAM01321,12400.0,USD,USA,2021,12400.0,11194.0,1206.0,10.773628729676613
LUMINOR,PAM01356,8500.0,EUR,France,2021,10030.0,10259.0,-229.0,-2.2321863729408324
LUMINOR,PAM01356,1056000.0,JPY,Japan,2021,9609.6,10259.0,-649.3999999999996,-6.330051661955352
LUMINOR,PAM01356,7600.0,GBP,UK,2021,10488.0,10259.0,229.0,2.2321863729408324
LUMINOR,PAM01356,11100.0,USD,USA,2021,11100.0,10259.0,841.0,8.197680085778341
LUMINOR,PAM01358,8500.0,EUR,France,2021,10030.0,10259.0,-229.0,-2.2321863729408324
LUMINOR,PAM01358,1056000.0,JPY,Japan,2021,9609.6,10259.0,-649.3999999999996,-6.330051661955352
LUMINOR,PAM01358,7600.0,GBP,UK,2021,10488.0,10259.0,229.0,2.2321863729408324
LUMINOR,PAM01358,11100.0,USD,USA,2021,11100.0,10259.0,841.0,8.197680085778341
SUBMERSIBLE,PAM01389,11500.0,EUR,France,2021,13570.0,13754.0,-184.0,-1.3377926421404682
SUBMERSIBLE,PAM01389,1386000.0,JPY,Japan,2021,12612.6,13754.0,-1141.3999999999996,-8.298676748582228
SUBMERSIBLE,PAM01389,10100.0,GBP,UK,2021,13937.999999999998,13754.0,183.99999999999818,1.3377926421404551
SUBMERSIBLE,PAM01389,15000.0,USD,USA,2021,15000.0,13754.0,1246.0,9.059182783190344
LUMINOR,PAM01392,7700.0,EUR,France,2021,9086.0,9166.0,-80.0,-0.8727907484180668
LUMINOR,PAM01392,957000.0,JPY,Japan,2021,8708.7,9166.0,-457.2999999999993,-4.989090115644766
LUMINOR,PAM01392,6700.0,GBP,UK,2021,9246.0,9166.0,80.0,0.8727907484180668
LUMINOR,PAM01392,10100.0,USD,USA,2021,10100.0,9166.0,934.0,10.18983198778093
LUMINOR,PAM01438,14500.0,EUR,France,2021,17110.0,16697.0,413.0,2.4734982332155475
LUMINOR,PAM01438,1760000.0,JPY,Japan,2021,16016.0,16697.0,-681.0,-4.078576989878421
LUMINOR,PAM01438,11800.0,GBP,UK,2021,16283.999999999998,16697.0,-413.0000000000018,-2.4734982332155586
LUMINOR,PAM01438,18900.0,USD,USA,2021,18900.0,16697.0,2203.0,13.193986943762354
LUMINOR,PAM01441,13500.0,EUR,France,2021,15930.0,15622.650000000001,307.34999999999854,1.9673358873174431
LUMINOR,PAM01441,1683000.0,JPY,Japan,2021,15315.300000000001,15622.650000000001,-307.35000000000036,-1.967335887317455
LUMINOR,PAM01441,10200.0,GBP,UK,2021,14075.999999999998,15622.650000000001,-1546.6500000000033,-9.900048967364713
LUMINOR,PAM01441,17600.0,USD,USA,2021,17600.0,15622.650000000001,1977.3499999999985,12.65694360431808
LUMINOR,PAM01499,7900.0,EUR,France,2021,9322.0,9353.0,-31.0,-0.3314444563241741
LUMINOR,PAM01499,990000.0,JPY,Japan,2021,9009.0,9353.0,-344.0,-3.6779642895327704
LUMINOR,PAM01499,6800.0,GBP,UK,2021,9384.0,9353.0,31.0,0.3314444563241741
LUMINOR,PAM01499,10300.0,USD,USA,2021,10300.0,9353.0,947.0,10.125093552870737
LUMINOR,PAM01523,7700.0,EUR,France,2021,9086.0,9166.0,-80.0,-0.8727907484180668
LUMINOR,PAM01523,957000.0,JPY,Japan,2021,8708.7,9166.0,-457.2999999999993,-4.989090115644766
LUMINOR,PAM01523,6700.0,GBP,UK,2021,9246.0,9166.0,80.0,0.8727907484180668
LUMINOR,PAM01523,10100.0,USD,USA,2021,10100.0,9166.0,934.0,10.18983198778093
LUMINOR,PAM01535,8900.0,EUR,France,2021,10502.0,10564.0,-62.0,-0.5868989019310867
LUMINOR,PAM01535,1100000.0,JPY,Japan,2021,10010.0,10564.0,-554.0,-5.244225672093903
LUMINOR,PAM01535,7700.0,GBP,UK,2021,10626.0,10564.0,62.0,0.5868989019310867
LUMINOR,PAM01535,11600.0,USD,USA,2021,11600.0,10564.0,1036.0,9.80689132904203
LUMINOR,PAM01537,9300.0,EUR,France,2021,10974.0,11007.0,-33.0,-0.2998092123194331
LUMINOR,PAM01537,1155000.0,JPY,Japan,2021,10510.5,11007.0,-496.5,-4.510765876260561
LUMINOR,PAM01537,8000.0,GBP,UK,2021,11040.0,11007.0,33.0,0.2998092123194331
LUMINOR,PAM01537,12100.0,USD,USA,2021,12100.0,11007.0,1093.0,9.930044517125465
SUBMERSIBLE,PAM01616,17400.0,EUR,France,2021,20532.0,21030.0,-498.0,-2.3680456490727533
SUBMERSIBLE,PAM01616,2178000.0,JPY,Japan,2021,19819.8,21030.0,-1210.2000000000007,-5.754636233951501
SUBMERSIBLE,PAM01616,15600.0,GBP,UK,2021,21528.0,21030.0,498.0,2.3680456490727533
SUBMERSIBLE,PAM01616,22600.0,USD,USA,2021,22600.0,21030.0,1570.0,7.465525439847837
LUMINOR,PAM01661,13500.0,EUR,France,2021,15930.0,15622.650000000001,307.34999999999854,1.9673358873174431
LUMINOR,PAM01661,1683000.0,JPY,Japan,2021,15315.300000000001,15622.650000000001,-307.35000000000036,-1.967335887317455
LUMINOR,PAM01661,10800.0,GBP,UK,2021,14903.999999999998,15622.650000000001,-718.6500000000033,-4.600051847797929
LUMINOR,PAM01661,17600.0,USD,USA,2021,17600.0,15622.650000000001,1977.3499999999985,12.65694360431808
LUMINOR,PAM01662,15000.0,EUR,France,2021,17700.0,18165.0,-465.0,-2.559867877786953
LUMINOR,PAM01662,1804000.0,JPY,Japan,2021,16416.4,18165.0,-1748.5999999999985,-9.626204238920993
LUMINOR,PAM01662,13500.0,GBP,UK,2021,18630.0,18165.0,465.0,2.559867877786953
LUMINOR,PAM01662,19600.0,USD,USA,2021,19600.0,18165.0,1435.0,7.89980732177264
LUMINOR,PAM01663,16000.0,EUR,France,2021,18880.0,19307.0,-427.0,-2.211633086445331
LUMINOR,PAM01663,1991000.0,JPY,Japan,2021,18118.100000000002,19307.0,-1188.8999999999978,-6.157870202517211
LUMINOR,PAM01663,14300.0,GBP,UK,2021,19734.0,19307.0,427.0,2.211633086445331
LUMINOR,PAM01663,20900.0,USD,USA,2021,20900.0,19307.0,1593.0,8.250893458331175
LUMINOR,PAM01664,13500.0,EUR,France,2021,15930.0,16314.0,-384.0,-2.3538065465244578
LUMINOR,PAM01664,1683000.0,JPY,Japan,2021,15315.300000000001,16314.0,-998.6999999999989,-6.121735932328056
LUMINOR,PAM01664,12100.0,GBP,UK,2021,16698.0,16314.0,384.0,2.3538065465244578
LUMINOR,PAM01664,17600.0,USD,USA,2021,17600.0,16314.0,1286.0,7.882800049037636
RADIOMIR,PAM02020,6500.0,EUR,France,2021,7670.0,7837.0,-167.0,-2.1309174428990687
RADIOMIR,PAM02020,792000.0,JPY,Japan,2021,7207.200000000001,7837.0,-629.7999999999993,-8.036238356513962
RADIOMIR,PAM02020,5800.0,GBP,UK,2021,8003.999999999999,7837.0,166.9999999999991,2.1309174428990567
RADIOMIR,PAM02020,8400.0,USD,USA,2021,8400.0,7837.0,563.0,7.183871379354345
LUMINOR,PAM02392,7700.0,EUR,France,2021,9086.0,9166.0,-80.0,-0.8727907484180668
LUMINOR,PAM02392,957000.0,JPY,Japan,2021,8708.7,9166.0,-457.2999999999993,-4.989090115644766
LUMINOR,PAM02392,6700.0,GBP,UK,2021,9246.0,9166.0,80.0,0.8727907484180668
LUMINOR,PAM02392,10100.0,USD,USA,2021,10100.0,9166.0,934.0,10.18983198778093
