country,min_price_country,collection,reference,price_USD,min_price,price_diff
France,Japan,RADIOMIR,PAM00655,10074.42,8039.24,2035.1800000000003
France,Japan,RADIOMIR,PAM00628,12047.76,9574.004,2473.7559999999994
France,Japan,RADIOMIR,PAM00657,11840.04,9427.836,2412.2040000000015
France,Japan,LUMINOR,PAM00661,12359.34,9866.34,2493.0
France,Japan,LUMINOR,PAM01312,8204.94,6577.56,1627.38
France,Japan,LUMINOR,PAM01499,8204.94,6577.56,1627.38
France,Japan,LUMINOR,PAM01523,7997.219999999999,6358.308,1638.9119999999994
France,Japan,LUMINOR,PAM00670,22745.34,18271.0,4474.34
France,Japan,SUBMERSIBLE,PAM01389,11943.9,9208.584,2735.315999999999
France,Japan,SUBMERSIBLE,PAM00692,13709.52,10889.516,2820.004000000001
France,Japan,SUBMERSIBLE,PAM01305,9970.56,7966.156,2004.4039999999995
France,Japan,LUMINOR,PAM01088,7581.78,6065.972,1515.808
France,Japan,LUMINOR,PAM01090,7789.5,6285.224,1504.2759999999998
France,Japan,LUMINOR,PAM00653,12463.2,10012.508,2450.692000000001
France,Japan,LUMINOR,PAM00654,12463.2,10012.508,2450.692000000001
France,Japan,LUMINOR,PAM00722,8828.1,7016.063999999999,1812.036000000001
France,Japan,LUMINOR-DUE,PAM00741,22329.9,17905.579999999998,4424.320000000003
France,Japan,LUMINOR,PAM01321,9866.7,7893.072,1973.6280000000006
France,Japan,LUMINOR,PAM01535,9243.54,7308.4,1935.1400000000012
France,Japan,LUMINOR,PAM01537,9658.98,7673.82,1985.1599999999999
France,Japan,LUMINOR-DUE,PAM00755,6335.46,4969.712,1365.7479999999996
France,Japan,LUMINOR-DUE,PAM00904,6647.04,5188.964,1458.076
France,Japan,LUMINOR-DUE,PAM00943,10282.14,8185.407999999999,2096.732
France,Japan,LUMINOR-DUE,PAM00944,11320.74,8989.332,2331.4079999999994
France,Japan,LUMINOR,PAM00774,5089.139999999999,4092.704,996.4359999999992
France,Japan,LUMINOR,PAM00775,5089.139999999999,4092.704,996.4359999999992
France,Japan,LUMINOR,PAM00776,5608.44,4458.124,1150.3159999999998
France,Japan,LUMINOR,PAM00777,5608.44,4458.124,1150.3159999999998
France,Japan,LUMINOR,PAM00778,5608.44,4458.124,1150.3159999999998
France,Japan,LUMINOR,PAM01441,14021.1,11181.852,2839.2479999999996
France,Japan,RADIOMIR,PAM00754,5089.139999999999,4092.704,996.4359999999992
France,Japan,RADIOMIR,PAM00753,4569.84,3654.2,915.6400000000003
France,Japan,LUMINOR,PAM00797,7997.219999999999,6358.308,1638.9119999999994
France,Japan,LUMINOR,PAM00795,7477.92,5846.719999999999,1631.2000000000007
France,Japan,LUMINOR,PAM00779,8204.94,6577.56,1627.38
France,Japan,SUBMERSIBLE,PAM00683,10074.42,8039.24,2035.1800000000003
France,Japan,SUBMERSIBLE,PAM00799,15475.14,12278.112,3197.0280000000002
France,Japan,SUBMERSIBLE,PAM00960,17552.34,14032.128,3520.2119999999995
France,Japan,SUBMERSIBLE,PAM00961,41440.14,33033.968,8406.171999999999
France,Japan,SUBMERSIBLE,PAM00979,19629.54,15639.976,3989.5640000000003
France,Japan,SUBMERSIBLE,PAM00982,19629.54,15639.976,3989.5640000000003
France,Japan,SUBMERSIBLE,PAM00983,40401.54,31718.456,8683.084000000003
France,Japan,SUBMERSIBLE,PAM00984,20668.14,16736.236,3931.9039999999986
France,Japan,LUMINOR,PAM01036,11320.74,8989.332,2331.4079999999994
France,Japan,LUMINOR,PAM01038,24407.1,19440.344,4966.755999999998
France,Japan,SUBMERSIBLE,PAM01039,21810.6,17467.076,4343.523999999998
France,Japan,SUBMERSIBLE,PAM01616,18071.64,14470.632,3601.008
France,Japan,SUBMERSIBLE,PAM00985,41440.14,33033.968,8406.171999999999
France,Japan,LUMINOR,PAM01033,9451.26,7454.567999999999,1996.692000000001
France,Japan,LUMINOR,PAM00764,13397.94,10670.264,2727.6760000000013
France,Japan,LUMINOR,PAM00788,16098.3,12716.616,3381.6839999999993
France,Japan,LUMINOR,PAM00977,8828.1,7016.063999999999,1812.036000000001
France,Japan,LUMINOR,PAM01028,8828.1,7016.063999999999,1812.036000000001
France,Japan,SUBMERSIBLE,PAM00968,17136.899999999998,13666.708,3470.1919999999973
France,Japan,LUMINOR,PAM01438,15059.7,11693.44,3366.26
France,Japan,RADIOMIR,PAM00995,11320.74,8989.332,2331.4079999999994
France,Japan,RADIOMIR,PAM00997,13397.94,10670.264,2727.6760000000013
France,Japan,RADIOMIR,PAM00998,12151.62,9647.088,2504.532000000001
France,Japan,SUBMERSIBLE,PAM00973,9035.82,7162.232,1873.5879999999997
France,France,SUBMERSIBLE,PAM00974,27522.9,27522.9,0.0
France,Japan,LUMINOR-DUE,PAM01029,15994.44,12643.532,3350.9080000000013
France,Japan,LUMINOR-DUE,PAM00927,7477.92,5846.719999999999,1631.2000000000007
France,Japan,LUMINOR-DUE,PAM00926,7166.34,5700.552,1465.7880000000005
France,Japan,LUMINOR-DUE,PAM00964,12359.34,9793.256,2566.0840000000007
France,Japan,LUMINOR-DUE,PAM01046,6647.04,5188.964,1458.076
France,Japan,LUMINOR-DUE,PAM01043,6335.46,4969.712,1365.7479999999996
France,Japan,LUMINOR-DUE,PAM01045,15994.44,12643.532,3350.9080000000013
France,Japan,LUMINOR,PAM01037,18175.5,14543.716,3631.7839999999997
France,Japan,RADIOMIR,PAM00931,8828.1,7016.063999999999,1812.036000000001
France,Japan,LUMINOR-DUE,PAM01042,19110.24,15347.64,3762.600000000002
France,Japan,LUMINOR-DUE,PAM01041,19110.24,15347.64,3762.600000000002
France,Japan,RADIOMIR,PAM00992,8620.38,6796.812,1823.5679999999993
France,Japan,LUMINOR,PAM00915,6958.62,5554.384,1404.2359999999999
France,Japan,LUMINOR,PAM00914,6439.32,5115.88,1323.4399999999996
France,Japan,LUMINOR,PAM01661,14021.1,11181.852,2839.2479999999996
France,Japan,RADIOMIR,PAM01078,11320.74,8989.332,2331.4079999999994
France,Japan,RADIOMIR,PAM01144,8204.94,6431.392,1773.5480000000007
France,Japan,LUMINOR,PAM01117,19733.4,15713.06,4020.340000000002
France,France,SUBMERSIBLE,PAM01108,197334.0,197334.0,0.0
France,Japan,LUMINOR,PAM01112,24510.96,19440.344,5070.615999999998
France,Japan,LUMINOR,PAM01118,16617.6,13228.204,3389.395999999999
France,Japan,LUMINOR,PAM01119,19733.4,15713.06,4020.340000000002
France,Japan,LUMINOR,PAM01662,15579.0,11985.776,3593.224
France,Japan,LUMINOR,PAM01663,16617.6,13228.204,3389.395999999999
France,Japan,LUMINOR,PAM01313,8204.94,6577.56,1627.38
France,Japan,LUMINOR,PAM01085,5608.44,4458.124,1150.3159999999998
France,Japan,LUMINOR,PAM01314,8204.94,6577.56,1627.38
France,Japan,LUMINOR,PAM02392,7997.219999999999,6358.308,1638.9119999999994
France,Japan,LUMINOR,PAM01316,9035.82,7162.232,1873.5879999999997
France,Japan,LUMINOR,PAM01096,11216.88,8696.996,2519.884
France,Japan,SUBMERSIBLE,PAM01070,31054.14,24044.636,7009.504000000001
France,France,LUMINOR,PAM01393,7997.219999999999,7997.219999999999,0.0
France,Japan,LUMINOR,PAM01086,5089.139999999999,4092.704,996.4359999999992
France,Japan,LUMINOR,PAM01084,5608.44,4458.124,1150.3159999999998
France,Japan,RADIOMIR,PAM02020,6750.9,5262.048,1488.8519999999999
France,Japan,LUMINOR,PAM01075,9866.7,7673.82,2192.880000000001
France,Japan,LUMINOR,PAM01122,19733.4,15713.06,4020.340000000002
France,Japan,SUBMERSIBLE,PAM01074,16098.3,12716.616,3381.6839999999993
France,Japan,LUMINOR,PAM01116,39986.1,31718.456,8267.644
France,Japan,SUBMERSIBLE,PAM01164,28249.92,22509.872,5740.047999999999
France,Japan,LUMINOR,PAM01109,9243.54,7308.4,1935.1400000000012
France,Japan,LUMINOR,PAM01110,10074.42,8039.24,2035.1800000000003
France,Japan,LUMINOR,PAM01111,27522.9,21486.696,6036.2040000000015
France,Japan,LUMINOR,PAM01157,8828.1,7016.063999999999,1812.036000000001
France,Japan,LUMINOR,PAM01303,9451.26,7454.567999999999,1996.692000000001
France,Japan,LUMINOR,PAM01135,22745.34,18271.0,4474.34
France,Japan,LUMINOR,PAM01218,9243.54,7308.4,1935.1400000000012
France,Japan,LUMINOR-DUE,PAM01280,17033.04,13593.624,3439.416000000001
France,Japan,LUMINOR,PAM01356,8828.1,7016.063999999999,1812.036000000001
France,Japan,LUMINOR,PAM01358,8828.1,7016.063999999999,1812.036000000001
France,Japan,LUMINOR,PAM00742,47775.6,38003.68,9771.919999999998
France,Japan,SUBMERSIBLE,PAM01225,62316.0,49550.952,12765.048000000003
France,Japan,LUMINOR,PAM00715,68547.59999999999,54593.748,13953.851999999992
France,Japan,LUMINOR-DUE,PAM01123,7166.34,5700.552,1465.7880000000005
France,Japan,LUMINOR-DUE,PAM01124,7477.92,5846.719999999999,1631.2000000000007
France,Japan,SUBMERSIBLE,PAM01068,10905.3,8770.08,2135.2199999999993
France,France,SUBMERSIBLE,PAM01163,30638.7,30638.7,0.0
France,Japan,RADIOMIR,PAM01243,8204.94,6577.56,1627.38
France,Japan,SUBMERSIBLE,PAM01223,9035.82,7162.232,1873.5879999999997
France,Japan,LUMINOR-DUE,PAM01273,6335.46,5042.795999999999,1292.6640000000007
France,Japan,LUMINOR-DUE,PAM01274,6647.04,5188.964,1458.076
France,Japan,LUMINOR,PAM01279,10282.14,8185.407999999999,2096.732
France,Japan,LUMINOR-DUE,PAM01250,6647.04,5188.964,1458.076
France,Japan,LUMINOR-DUE,PAM01249,6647.04,5188.964,1458.076
France,Japan,LUMINOR,PAM01664,14021.1,11181.852,2839.2479999999996
France,Japan,SUBMERSIBLE,PAM01209,9866.7,7893.072,1973.6280000000006
France,Japan,LUMINOR,PAM01298,16098.3,12716.616,3381.6839999999993
France,Japan,LUMINOR,PAM01115,28976.94,22802.208,6174.732
France,Japan,LUMINOR-DUE,PAM01248,6335.46,5042.795999999999,1292.6640000000007
France,Japan,LUMINOR,PAM01114,28976.94,22802.208,6174.732
France,Japan,LUMINOR-DUE,PAM01247,6335.46,5042.795999999999,1292.6640000000007
France,Japan,SUBMERSIBLE,PAM01291,20668.14,16736.236,3931.9039999999986
France,Japan,LUMINOR,PAM00335,17967.78,14324.464,3643.315999999999
France,Japan,SUBMERSIBLE,PAM01240,46737.0,37272.84,9464.160000000003
France,Japan,LUMINOR,PAM01270,7166.34,5700.552,1465.7880000000005
France,Japan,LUMINOR,PAM01271,7166.34,5700.552,1465.7880000000005
France,Japan,LUMINOR,PAM01272,7166.34,5700.552,1465.7880000000005
France,Japan,LUMINOR,PAM01392,7997.219999999999,6358.308,1638.9119999999994
France,Japan,LUMINOR-DUE,PAM01306,6335.46,5042.795999999999,1292.6640000000007
France,Japan,LUMINOR,PAM00233,12463.2,10012.508,2450.692000000001
France,Japan,LUMINOR,PAM00422,10178.28,8112.324,2065.956000000001
France,Japan,LUMINOR,PAM00423,10282.14,8185.407999999999,2096.732
France,Japan,RADIOMIR,PAM00424,8101.08,6504.476,1596.6040000000003
France,Japan,RADIOMIR,PAM00425,8101.08,6504.476,1596.6040000000003
France,Japan,LUMINOR,PAM00524,11320.74,8989.332,2331.4079999999994
France,Japan,LUMINOR,PAM00526,17552.34,14032.128,3520.2119999999995
France,Japan,LUMINOR,PAM00561,6439.32,5115.88,1323.4399999999996
France,Japan,SUBMERSIBLE,PAM00616,17552.34,14032.128,3520.2119999999995
France,Japan,RADIOMIR,PAM00619,10801.44,8623.912,2177.5280000000002
France,Japan,RADIOMIR,PAM00577,11320.74,8989.332,2331.4079999999994
France,Japan,LUMINOR,PAM00768,150597.0,119784.676,30812.323999999993
France,France,LUMINOR,PAM00863,23887.8,23887.8,0.0
France,Japan,LUMINOR,PAM01060,172407.6,137610.528,34797.072000000015
UK,Japan,RADIOMIR,PAM00655,10956.78,8039.24,2917.540000000001
UK,Japan,RADIOMIR,PAM00628,13097.76,9574.004,3523.7559999999994
UK,Japan,RADIOMIR,PAM00657,12845.88,9427.836,3418.044
UK,Japan,LUMINOR,PAM00661,13349.64,9866.34,3483.2999999999993
UK,Japan,LUMINOR-DUE,PAM00674,11712.42,8623.912,3088.508
UK,Japan,LUMINOR-DUE,PAM00675,28210.56,20536.604,7673.956000000002
UK,Japan,LUMINOR,PAM01312,8563.92,6577.56,1986.3599999999997
UK,Japan,LUMINOR,PAM01499,8563.92,6577.56,1986.3599999999997
UK,Japan,LUMINOR,PAM01523,8437.980000000001,6358.308,2079.6720000000014
UK,Japan,LUMINOR,PAM00670,24306.42,18271.0,6035.419999999998
UK,Japan,SUBMERSIBLE,PAM01389,12719.94,9208.584,3511.3559999999998
UK,Japan,SUBMERSIBLE,PAM00692,14483.1,10889.516,3593.5840000000007
UK,Japan,SUBMERSIBLE,PAM01305,10453.02,7966.156,2486.8640000000005
UK,Japan,LUMINOR,PAM01088,8186.1,6065.972,2120.1280000000006
UK,Japan,LUMINOR,PAM01090,8437.980000000001,6285.224,2152.756000000001
UK,Japan,LUMINOR,PAM00653,13475.58,10012.508,3463.072
UK,Japan,LUMINOR,PAM00654,13475.58,10012.508,3463.072
UK,Japan,LUMINOR,PAM00722,9319.56,7016.063999999999,2303.496
UK,Japan,LUMINOR-DUE,PAM00741,24306.42,17905.579999999998,6400.84
UK,Japan,LUMINOR,PAM01321,10201.14,7893.072,2308.0679999999993
UK,Japan,LUMINOR,PAM01535,9697.38,7308.4,2388.9799999999996
UK,Japan,LUMINOR,PAM01537,10075.2,7673.82,2401.380000000001
UK,Japan,LUMINOR-DUE,PAM00755,6926.700000000001,4969.712,1956.9880000000003
UK,Japan,LUMINOR-DUE,PAM00944,12216.18,8989.332,3226.848
UK,Japan,LUMINOR,PAM00774,5415.42,4092.704,1322.716
UK,Japan,LUMINOR,PAM00775,5415.42,4092.704,1322.716
UK,Japan,LUMINOR,PAM00776,6045.120000000001,4458.124,1586.996000000001
UK,Japan,LUMINOR,PAM00777,6045.120000000001,4458.124,1586.996000000001
UK,Japan,LUMINOR,PAM00778,6045.120000000001,4458.124,1586.996000000001
UK,Japan,LUMINOR,PAM01441,12845.88,11181.852,1664.0279999999984
UK,Japan,LUMINOR,PAM01104,7556.400000000001,5627.468,1928.9320000000007
UK,Japan,RADIOMIR,PAM00754,5289.4800000000005,4092.704,1196.7760000000003
UK,Japan,RADIOMIR,PAM00753,4785.72,3654.2,1131.5200000000004
UK,Japan,LUMINOR,PAM00797,8312.04,6358.308,1953.7320000000009
UK,Japan,LUMINOR,PAM00795,7808.280000000001,5846.719999999999,1961.5600000000013
UK,Japan,LUMINOR,PAM00779,8815.800000000001,6577.56,2238.2400000000007
UK,Japan,SUBMERSIBLE,PAM00683,10704.9,8039.24,2665.66
UK,Japan,SUBMERSIBLE,PAM00799,16875.960000000003,12278.112,4597.848000000004
UK,Japan,SUBMERSIBLE,PAM00960,19016.94,14032.128,4984.811999999998
UK,Japan,SUBMERSIBLE,PAM00961,45086.52,33033.968,12052.551999999996
UK,Japan,SUBMERSIBLE,PAM00979,21409.800000000003,15639.976,5769.824000000002
UK,Japan,SUBMERSIBLE,PAM00982,21409.800000000003,15639.976,5769.824000000002
UK,Japan,SUBMERSIBLE,PAM00983,43953.060000000005,31718.456,12234.604000000007
UK,Japan,SUBMERSIBLE,PAM00984,22543.26,16736.236,5807.023999999998
UK,Japan,LUMINOR,PAM01036,12342.12,8989.332,3352.7880000000005
UK,Japan,LUMINOR,PAM01038,26573.34,19440.344,7132.995999999999
UK,Japan,SUBMERSIBLE,PAM01039,23676.72,17467.076,6209.644
UK,Japan,SUBMERSIBLE,PAM01616,19646.64,14470.632,5176.008
UK,Japan,SUBMERSIBLE,PAM00985,45086.52,33033.968,12052.551999999996
UK,Japan,LUMINOR,PAM01033,9949.26,7454.567999999999,2494.692000000001
UK,Japan,LUMINOR,PAM00986,16183.29,12131.944,4051.3460000000014
UK,Japan,LUMINOR,PAM00764,14483.1,10670.264,3812.836000000001
UK,Japan,LUMINOR,PAM00788,17505.66,12716.616,4789.044
UK,Japan,LUMINOR,PAM00977,9319.56,7016.063999999999,2303.496
UK,Japan,LUMINOR,PAM01028,9319.56,7016.063999999999,2303.496
UK,Japan,SUBMERSIBLE,PAM00968,18009.420000000002,13666.708,4342.712000000001
UK,Japan,LUMINOR,PAM01438,14860.92,11693.44,3167.4799999999996
UK,UK,LUMINOR,PAM01025,8815.800000000001,8815.800000000001,0.0
UK,Japan,LUMINOR,PAM00768,163722.0,119784.676,43937.32399999999
UK,Japan,RADIOMIR,PAM00995,12342.12,8989.332,3352.7880000000005
UK,Japan,RADIOMIR,PAM00997,14483.1,10670.264,3812.836000000001
UK,Japan,RADIOMIR,PAM00998,13160.73,9647.088,3513.642
UK,Japan,SUBMERSIBLE,PAM00973,9571.44,7162.232,2409.2080000000005
UK,France,SUBMERSIBLE,PAM00974,29973.72,27522.9,2450.8199999999997
UK,Japan,LUMINOR-DUE,PAM01029,16875.960000000003,12643.532,4232.4280000000035
UK,Japan,LUMINOR-DUE,PAM00927,8060.160000000001,5846.719999999999,2213.4400000000014
UK,Japan,LUMINOR-DUE,PAM00926,7682.34,5700.552,1981.7880000000005
UK,Japan,LUMINOR-DUE,PAM00964,13223.7,9793.256,3430.4440000000013
UK,Japan,LUMINOR-DUE,PAM01046,7178.580000000001,5188.964,1989.616000000001
UK,Japan,LUMINOR-DUE,PAM01043,6926.700000000001,4969.712,1956.9880000000003
UK,Japan,LUMINOR-DUE,PAM01045,16875.960000000003,12643.532,4232.4280000000035
UK,Japan,LUMINOR,PAM01037,19772.58,14543.716,5228.864000000001
UK,Japan,RADIOMIR,PAM00931,9571.44,7016.063999999999,2555.376000000001
UK,Japan,LUMINOR-DUE,PAM01042,20150.4,15347.64,4802.760000000002
UK,Japan,LUMINOR-DUE,PAM01041,20150.4,15347.64,4802.760000000002
UK,Japan,RADIOMIR,PAM00992,9319.56,6796.812,2522.7479999999996
UK,Japan,LUMINOR,PAM00915,7304.52,5554.384,1750.1360000000004
UK,Japan,LUMINOR,PAM00914,6800.76,5115.88,1684.88
UK,Japan,LUMINOR,PAM01661,13601.52,11181.852,2419.6679999999997
UK,Japan,RADIOMIR,PAM01078,12342.12,8989.332,3352.7880000000005
UK,Japan,RADIOMIR,PAM01144,8815.800000000001,6431.392,2384.4080000000013
UK,Japan,LUMINOR,PAM01117,21535.74,15713.06,5822.680000000002
UK,France,SUBMERSIBLE,PAM01108,213972.06000000003,197334.0,16638.060000000027
UK,Japan,LUMINOR,PAM01112,25943.640000000003,19440.344,6503.296000000002
UK,Japan,LUMINOR,PAM01118,18009.420000000002,13228.204,4781.216000000002
UK,Japan,LUMINOR,PAM01119,21535.74,15713.06,5822.680000000002
UK,Japan,LUMINOR,PAM01662,17001.9,11985.776,5016.124000000002
UK,Japan,LUMINOR,PAM01663,18009.420000000002,13228.204,4781.216000000002
UK,Japan,LUMINOR,PAM01313,8563.92,6577.56,1986.3599999999997
UK,Japan,LUMINOR,PAM01085,6045.120000000001,4458.124,1586.996000000001
UK,Japan,LUMINOR,PAM01314,8563.92,6577.56,1986.3599999999997
UK,Japan,LUMINOR,PAM02392,8437.980000000001,6358.308,2079.6720000000014
UK,Japan,LUMINOR,PAM01316,9571.44,7162.232,2409.2080000000005
UK,Japan,LUMINOR,PAM01096,12216.18,8696.996,3519.184000000001
UK,Japan,SUBMERSIBLE,PAM01070,33877.86,24044.636,9833.224000000002
UK,France,LUMINOR,PAM01393,8437.980000000001,7997.219999999999,440.76000000000204
UK,Japan,LUMINOR,PAM01086,5415.42,4092.704,1322.716
UK,Japan,LUMINOR,PAM01084,6045.120000000001,4458.124,1586.996000000001
UK,Japan,RADIOMIR,PAM02020,7304.52,5262.048,2042.4720000000007
UK,Japan,LUMINOR,PAM01075,10704.9,7673.82,3031.08
UK,Japan,LUMINOR,PAM01122,21535.74,15713.06,5822.680000000002
UK,Japan,SUBMERSIBLE,PAM01074,17505.66,12716.616,4789.044
UK,Japan,LUMINOR,PAM01116,43449.3,31718.456,11730.844000000005
UK,Japan,SUBMERSIBLE,PAM01164,29973.72,22509.872,7463.848000000002
UK,Japan,LUMINOR,PAM01109,10075.2,7308.4,2766.800000000001
UK,Japan,LUMINOR,PAM01110,10956.78,8039.24,2917.540000000001
UK,Japan,LUMINOR,PAM01111,29973.72,21486.696,8487.024000000001
UK,Japan,LUMINOR,PAM01157,9571.44,7016.063999999999,2555.376000000001
UK,Japan,LUMINOR,PAM01303,10201.14,7454.567999999999,2746.572
UK,Japan,LUMINOR,PAM01135,24810.18,18271.0,6539.18
UK,Japan,LUMINOR,PAM01218,10075.2,7308.4,2766.800000000001
UK,Japan,LUMINOR-DUE,PAM01280,18513.18,13593.624,4919.5560000000005
UK,Japan,LUMINOR,PAM01356,9571.44,7016.063999999999,2555.376000000001
UK,Japan,LUMINOR,PAM01358,9571.44,7016.063999999999,2555.376000000001
UK,Japan,LUMINOR,PAM00742,52139.16,38003.68,14135.480000000003
UK,Japan,SUBMERSIBLE,PAM01225,68007.6,49550.952,18456.64800000001
UK,Japan,LUMINOR,PAM00715,74808.36,54593.748,20214.612
UK,Japan,LUMINOR-DUE,PAM01123,7682.34,5700.552,1981.7880000000005
UK,Japan,LUMINOR,PAM01060,186643.08,137610.528,49032.551999999996
UK,Japan,LUMINOR-DUE,PAM01124,8060.160000000001,5846.719999999999,2213.4400000000014
UK,Japan,SUBMERSIBLE,PAM01068,11775.39,8770.08,3005.3099999999995
UK,France,SUBMERSIBLE,PAM01163,33374.1,30638.7,2735.399999999998
UK,Japan,RADIOMIR,PAM01243,8815.800000000001,6577.56,2238.2400000000007
UK,Japan,SUBMERSIBLE,PAM01223,9823.32,7162.232,2661.0879999999997
UK,Japan,LUMINOR-DUE,PAM01273,6926.700000000001,5042.795999999999,1883.9040000000014
UK,Japan,LUMINOR-DUE,PAM01274,7178.580000000001,5188.964,1989.616000000001
UK,Japan,LUMINOR,PAM01279,11208.66,8185.407999999999,3023.2520000000004
UK,Japan,LUMINOR-DUE,PAM01250,7178.580000000001,5188.964,1989.616000000001
UK,Japan,LUMINOR-DUE,PAM01249,7178.580000000001,5188.964,1989.616000000001
UK,Japan,LUMINOR,PAM01664,15238.740000000002,11181.852,4056.888000000001
UK,Japan,SUBMERSIBLE,PAM01209,10704.9,7893.072,2811.8279999999995
UK,Japan,LUMINOR,PAM01298,17505.66,12716.616,4789.044
UK,Japan,LUMINOR,PAM01115,31610.94,22802.208,8808.732
UK,Japan,LUMINOR-DUE,PAM01248,6926.700000000001,5042.795999999999,1883.9040000000014
UK,Japan,LUMINOR,PAM01114,31610.94,22802.208,8808.732
UK,Japan,LUMINOR-DUE,PAM01247,6926.700000000001,5042.795999999999,1883.9040000000014
UK,Japan,SUBMERSIBLE,PAM01291,22543.26,16736.236,5807.023999999998
UK,Japan,LUMINOR,PAM00335,19016.94,14324.464,4692.475999999999
UK,Japan,SUBMERSIBLE,PAM01240,50879.76,37272.84,13606.920000000006
UK,Japan,LUMINOR,PAM01270,7682.34,5700.552,1981.7880000000005
UK,Japan,LUMINOR,PAM01271,7682.34,5700.552,1981.7880000000005
UK,Japan,LUMINOR,PAM01272,7682.34,5700.552,1981.7880000000005
UK,Japan,LUMINOR,PAM01392,8437.980000000001,6358.308,2079.6720000000014
UK,Japan,LUMINOR-DUE,PAM01306,6926.700000000001,5042.795999999999,1883.9040000000014
UK,Japan,LUMINOR,PAM00233,13475.58,10012.508,3463.072
UK,Japan,LUMINOR,PAM00422,10704.9,8112.324,2592.576
UK,Japan,LUMINOR,PAM00423,10893.81,8185.407999999999,2708.402
UK,Japan,RADIOMIR,PAM00424,8689.86,6504.476,2185.384000000001
UK,Japan,RADIOMIR,PAM00425,8689.86,6504.476,2185.384000000001
UK,Japan,LUMINOR,PAM00524,12342.12,8989.332,3352.7880000000005
UK,Japan,LUMINOR,PAM00526,18765.06,14032.128,4732.932000000001
UK,Japan,LUMINOR,PAM00561,6800.76,5115.88,1684.88
UK,Japan,SUBMERSIBLE,PAM00616,19016.94,14032.128,4984.811999999998
UK,Japan,RADIOMIR,PAM00619,11712.42,8623.912,3088.508
UK,Japan,RADIOMIR,PAM00577,12342.12,8989.332,3352.7880000000005
Japan,Japan,RADIOMIR,PAM00574,6139.056,6139.056,0.0
Japan,Japan,RADIOMIR,PAM00575,14616.8,14616.8,0.0
Japan,Japan,RADIOMIR,PAM00620,8039.24,8039.24,0.0
Japan,Japan,RADIOMIR,PAM00655,8039.24,8039.24,0.0
Japan,Japan,RADIOMIR,PAM00628,9574.004,9574.004,0.0
Japan,Japan,RADIOMIR,PAM00657,9427.836,9427.836,0.0
Japan,Japan,LUMINOR,PAM00661,9866.34,9866.34,0.0
Japan,Japan,LUMINOR-DUE,PAM00674,8623.912,8623.912,0.0
Japan,Japan,LUMINOR-DUE,PAM00675,20536.604,20536.604,0.0
Japan,Japan,LUMINOR-DUE,PAM00676,6577.56,6577.56,0.0
Japan,Japan,LUMINOR-DUE,PAM00677,17905.579999999998,17905.579999999998,0.0
Japan,Japan,LUMINOR,PAM01312,6577.56,6577.56,0.0
Japan,Japan,LUMINOR,PAM01359,6577.56,6577.56,0.0
Japan,Japan,LUMINOR,PAM01499,6577.56,6577.56,0.0
Japan,Japan,LUMINOR,PAM01523,6358.308,6358.308,0.0
Japan,Japan,LUMINOR,PAM00656,18271.0,18271.0,0.0
Japan,Japan,LUMINOR,PAM00670,18271.0,18271.0,0.0
Japan,Japan,SUBMERSIBLE,PAM01389,9208.584,9208.584,0.0
Japan,Japan,SUBMERSIBLE,PAM00692,10889.516,10889.516,0.0
Japan,Japan,SUBMERSIBLE,PAM01305,7966.156,7966.156,0.0
Japan,Japan,LUMINOR,PAM01088,6065.972,6065.972,0.0
Japan,Japan,LUMINOR,PAM01090,6285.224,6285.224,0.0
Japan,Japan,LUMINOR,PAM00652,13885.96,13885.96,0.0
Japan,Japan,LUMINOR,PAM00653,10012.508,10012.508,0.0
Japan,Japan,LUMINOR,PAM00654,10012.508,10012.508,0.0
Japan,Japan,LUMINOR,PAM00723,7162.232,7162.232,0.0
Japan,Japan,LUMINOR,PAM00722,7016.063999999999,7016.063999999999,0.0
Japan,Japan,LUMINOR-DUE,PAM00729,8989.332,8989.332,0.0
Japan,Japan,LUMINOR-DUE,PAM00739,11547.272,11547.272,0.0
Japan,Japan,LUMINOR-DUE,PAM00741,17905.579999999998,17905.579999999998,0.0
Japan,Japan,LUMINOR,PAM01321,7893.072,7893.072,0.0
Japan,Japan,LUMINOR,PAM01351,6614.102,6614.102,0.0
Japan,Japan,LUMINOR,PAM01535,7308.4,7308.4,0.0
Japan,Japan,LUMINOR,PAM01537,7673.82,7673.82,0.0
Japan,Japan,LUMINOR-DUE,PAM00755,4969.712,4969.712,0.0
Japan,Japan,LUMINOR-DUE,PAM00756,12643.532,12643.532,0.0
Japan,Japan,LUMINOR-DUE,PAM00903,4969.712,4969.712,0.0
Japan,Japan,LUMINOR-DUE,PAM00904,5188.964,5188.964,0.0
Japan,Japan,LUMINOR-DUE,PAM00906,5188.964,5188.964,0.0
Japan,Japan,LUMINOR-DUE,PAM00943,8185.407999999999,8185.407999999999,0.0
Japan,Japan,LUMINOR-DUE,PAM00944,8989.332,8989.332,0.0
Japan,Japan,LUMINOR,PAM00773,4092.704,4092.704,0.0
Japan,Japan,LUMINOR,PAM00774,4092.704,4092.704,0.0
Japan,Japan,LUMINOR,PAM00775,4092.704,4092.704,0.0
Japan,Japan,LUMINOR,PAM00776,4458.124,4458.124,0.0
Japan,Japan,LUMINOR,PAM00777,4458.124,4458.124,0.0
Japan,Japan,LUMINOR,PAM00778,4458.124,4458.124,0.0
Japan,Japan,LUMINOR,PAM01048,5481.3,5481.3,0.0
Japan,Japan,LUMINOR,PAM01441,11181.852,11181.852,0.0
Japan,Japan,LUMINOR,PAM01104,5627.468,5627.468,0.0
Japan,Japan,RADIOMIR,PAM00754,4092.704,4092.704,0.0
Japan,Japan,RADIOMIR,PAM00753,3654.2,3654.2,0.0
Japan,Japan,RADIOMIR,PAM00932,7308.4,7308.4,0.0
Japan,Japan,RADIOMIR,PAM00933,8185.407999999999,8185.407999999999,0.0
Japan,Japan,RADIOMIR,PAM00945,9427.836,9427.836,0.0
Japan,Japan,RADIOMIR,PAM00946,9574.004,9574.004,0.0
Japan,Japan,LUMINOR,PAM00797,6358.308,6358.308,0.0
Japan,Japan,LUMINOR,PAM00796,5700.552,5700.552,0.0
Japan,Japan,LUMINOR,PAM00795,5846.719999999999,5846.719999999999,0.0
Japan,Japan,LUMINOR,PAM00779,6577.56,6577.56,0.0
Japan,Japan,SUBMERSIBLE,PAM00683,8039.24,8039.24,0.0
Japan,Japan,SUBMERSIBLE,PAM00799,12278.112,12278.112,0.0
Japan,Japan,SUBMERSIBLE,PAM00959,8039.24,8039.24,0.0
Japan,Japan,SUBMERSIBLE,PAM00960,14032.128,14032.128,0.0
Japan,Japan,SUBMERSIBLE,PAM00961,33033.968,33033.968,0.0
Japan,Japan,SUBMERSIBLE,PAM00979,15639.976,15639.976,0.0
Japan,Japan,SUBMERSIBLE,PAM00982,15639.976,15639.976,0.0
Japan,Japan,SUBMERSIBLE,PAM00983,31718.456,31718.456,0.0
Japan,Japan,SUBMERSIBLE,PAM00984,16736.236,16736.236,0.0
Japan,Japan,LUMINOR,PAM01036,8989.332,8989.332,0.0
Japan,Japan,LUMINOR,PAM01038,19440.344,19440.344,0.0
Japan,Japan,SUBMERSIBLE,PAM01039,17467.076,17467.076,0.0
Japan,Japan,SUBMERSIBLE,PAM01616,14470.632,14470.632,0.0
Japan,Japan,SUBMERSIBLE,PAM00985,33033.968,33033.968,0.0
Japan,Japan,LUMINOR,PAM01033,7454.567999999999,7454.567999999999,0.0
Japan,Japan,LUMINOR,PAM00986,12131.944,12131.944,0.0
Japan,Japan,LUMINOR,PAM00764,10670.264,10670.264,0.0
Japan,Japan,LUMINOR,PAM00788,12716.616,12716.616,0.0
Japan,Japan,LUMINOR,PAM01020,22729.124,22729.124,0.0
Japan,Japan,LUMINOR,PAM00978,7162.232,7162.232,0.0
Japan,Japan,LUMINOR,PAM00977,7016.063999999999,7016.063999999999,0.0
Japan,Japan,LUMINOR,PAM01058,7162.232,7162.232,0.0
Japan,Japan,LUMINOR,PAM01028,7016.063999999999,7016.063999999999,0.0
Japan,Japan,SUBMERSIBLE,PAM00968,13666.708,13666.708,0.0
Japan,Japan,LUMINOR,PAM01438,11693.44,11693.44,0.0
Japan,Japan,LUMINOR,PAM00768,119784.676,119784.676,0.0
Japan,Japan,RADIOMIR,PAM00995,8989.332,8989.332,0.0
Japan,Japan,RADIOMIR,PAM00997,10670.264,10670.264,0.0
Japan,Japan,RADIOMIR,PAM00998,9647.088,9647.088,0.0
Japan,Japan,RADIOMIR,PAM00999,9866.34,9866.34,0.0
Japan,Japan,SUBMERSIBLE,PAM00973,7162.232,7162.232,0.0
Japan,Japan,LUMINOR-DUE,PAM01029,12643.532,12643.532,0.0
Japan,Japan,LUMINOR-DUE,PAM00927,5846.719999999999,5846.719999999999,0.0
Japan,Japan,LUMINOR-DUE,PAM00926,5700.552,5700.552,0.0
Japan,Japan,LUMINOR-DUE,PAM00964,9793.256,9793.256,0.0
Japan,Japan,LUMINOR-DUE,PAM01046,5188.964,5188.964,0.0
Japan,Japan,LUMINOR-DUE,PAM01043,4969.712,4969.712,0.0
Japan,Japan,LUMINOR-DUE,PAM01045,12643.532,12643.532,0.0
Japan,Japan,LUMINOR,PAM01037,14543.716,14543.716,0.0
Japan,Japan,RADIOMIR,PAM00931,7016.063999999999,7016.063999999999,0.0
Japan,Japan,LUMINOR-DUE,PAM01042,15347.64,15347.64,0.0
Japan,Japan,LUMINOR-DUE,PAM01041,15347.64,15347.64,0.0
Japan,Japan,RADIOMIR,PAM00992,6796.812,6796.812,0.0
Japan,Japan,LUMINOR,PAM00915,5554.384,5554.384,0.0
Japan,Japan,LUMINOR,PAM00914,5115.88,5115.88,0.0
Japan,Japan,LUMINOR,PAM01661,11181.852,11181.852,0.0
Japan,Japan,RADIOMIR,PAM01078,8989.332,8989.332,0.0
Japan,Japan,RADIOMIR,PAM01144,6431.392,6431.392,0.0
Japan,Japan,LUMINOR,PAM01117,15713.06,15713.06,0.0
Japan,Japan,LUMINOR,PAM01112,19440.344,19440.344,0.0
Japan,Japan,LUMINOR,PAM01118,13228.204,13228.204,0.0
Japan,Japan,LUMINOR,PAM01119,15713.06,15713.06,0.0
Japan,Japan,LUMINOR,PAM01662,11985.776,11985.776,0.0
Japan,Japan,LUMINOR,PAM01663,13228.204,13228.204,0.0
Japan,Japan,LUMINOR,PAM01313,6577.56,6577.56,0.0
Japan,Japan,LUMINOR,PAM01085,4458.124,4458.124,0.0
Japan,Japan,LUMINOR,PAM01314,6577.56,6577.56,0.0
Japan,Japan,LUMINOR,PAM02392,6358.308,6358.308,0.0
Japan,Japan,LUMINOR,PAM01316,7162.232,7162.232,0.0
Japan,Japan,LUMINOR,PAM01096,8696.996,8696.996,0.0
Japan,Japan,SUBMERSIBLE,PAM01070,24044.636,24044.636,0.0
Japan,Japan,LUMINOR,PAM01086,4092.704,4092.704,0.0
Japan,Japan,LUMINOR,PAM01084,4458.124,4458.124,0.0
Japan,Japan,RADIOMIR,PAM02020,5262.048,5262.048,0.0
Japan,Japan,LUMINOR,PAM01075,7673.82,7673.82,0.0
Japan,Japan,LUMINOR,PAM01122,15713.06,15713.06,0.0
Japan,Japan,SUBMERSIBLE,PAM01074,12716.616,12716.616,0.0
Japan,Japan,LUMINOR,PAM01116,31718.456,31718.456,0.0
Japan,Japan,SUBMERSIBLE,PAM01164,22509.872,22509.872,0.0
Japan,Japan,LUMINOR,PAM01109,7308.4,7308.4,0.0
Japan,Japan,LUMINOR,PAM01110,8039.24,8039.24,0.0
Japan,Japan,LUMINOR,PAM01111,21486.696,21486.696,0.0
Japan,Japan,LUMINOR,PAM01157,7016.063999999999,7016.063999999999,0.0
Japan,Japan,LUMINOR,PAM01303,7454.567999999999,7454.567999999999,0.0
Japan,Japan,LUMINOR,PAM01135,18271.0,18271.0,0.0
Japan,Japan,LUMINOR,PAM01218,7308.4,7308.4,0.0
Japan,Japan,LUMINOR-DUE,PAM01280,13593.624,13593.624,0.0
Japan,Japan,LUMINOR,PAM01356,7016.063999999999,7016.063999999999,0.0
Japan,Japan,LUMINOR,PAM01358,7016.063999999999,7016.063999999999,0.0
Japan,Japan,LUMINOR,PAM00742,38003.68,38003.68,0.0
Japan,Japan,SUBMERSIBLE,PAM01225,49550.952,49550.952,0.0
Japan,Japan,LUMINOR,PAM00715,54593.748,54593.748,0.0
Japan,Japan,LUMINOR-DUE,PAM01123,5700.552,5700.552,0.0
Japan,Japan,LUMINOR,PAM01060,137610.528,137610.528,0.0
Japan,Japan,LUMINOR-DUE,PAM01124,5846.719999999999,5846.719999999999,0.0
Japan,Japan,SUBMERSIBLE,PAM01068,8770.08,8770.08,0.0
Japan,Japan,RADIOMIR,PAM01243,6577.56,6577.56,0.0
Japan,Japan,SUBMERSIBLE,PAM01223,7162.232,7162.232,0.0
Japan,Japan,LUMINOR-DUE,PAM01273,5042.795999999999,5042.795999999999,0.0
Japan,Japan,LUMINOR-DUE,PAM01274,5188.964,5188.964,0.0
Japan,Japan,LUMINOR,PAM01279,8185.407999999999,8185.407999999999,0.0
Japan,Japan,LUMINOR-DUE,PAM01250,5188.964,5188.964,0.0
Japan,Japan,LUMINOR-DUE,PAM01249,5188.964,5188.964,0.0
Japan,Japan,LUMINOR,PAM01664,11181.852,11181.852,0.0
Japan,Japan,SUBMERSIBLE,PAM01209,7893.072,7893.072,0.0
Japan,Japan,LUMINOR,PAM01298,12716.616,12716.616,0.0
Japan,Japan,LUMINOR,PAM01278,35664.992,35664.992,0.0
Japan,Japan,LUMINOR,PAM01115,22802.208,22802.208,0.0
Japan,Japan,LUMINOR-DUE,PAM01248,5042.795999999999,5042.795999999999,0.0
Japan,Japan,LUMINOR,PAM01114,22802.208,22802.208,0.0
Japan,Japan,LUMINOR-DUE,PAM01247,5042.795999999999,5042.795999999999,0.0
Japan,Japan,SUBMERSIBLE,PAM01291,16736.236,16736.236,0.0
Japan,Japan,LUMINOR,PAM00335,14324.464,14324.464,0.0
Japan,Japan,LUMINOR,PAM01275,14836.052,14836.052,0.0
Japan,Japan,SUBMERSIBLE,PAM01240,37272.84,37272.84,0.0
Japan,Japan,LUMINOR,PAM01270,5700.552,5700.552,0.0
Japan,Japan,LUMINOR,PAM01271,5700.552,5700.552,0.0
Japan,Japan,LUMINOR,PAM01272,5700.552,5700.552,0.0
Japan,Japan,LUMINOR,PAM01392,6358.308,6358.308,0.0
Japan,Japan,LUMINOR-DUE,PAM01306,5042.795999999999,5042.795999999999,0.0
Japan,Japan,LUMINOR,PAM00233,10012.508,10012.508,0.0
Japan,Japan,LUMINOR,PAM00317,17393.992,17393.992,0.0
Japan,Japan,LUMINOR,PAM00372,7235.316,7235.316,0.0
Japan,Japan,LUMINOR,PAM00422,8112.324,8112.324,0.0
Japan,Japan,LUMINOR,PAM00423,8185.407999999999,8185.407999999999,0.0
Japan,Japan,RADIOMIR,PAM00424,6504.476,6504.476,0.0
Japan,Japan,RADIOMIR,PAM00425,6504.476,6504.476,0.0
Japan,Japan,LUMINOR,PAM00511,17393.992,17393.992,0.0
Japan,Japan,RADIOMIR,PAM00514,6285.224,6285.224,0.0
Japan,Japan,RADIOMIR,PAM00515,17393.992,17393.992,0.0
Japan,Japan,LUMINOR,PAM00524,8989.332,8989.332,0.0
Japan,Japan,LUMINOR,PAM00526,14032.128,14032.128,0.0
Japan,Japan,LUMINOR,PAM00525,21779.032,21779.032,0.0
Japan,Japan,LUMINOR,PAM00533,10962.6,10962.6,0.0
Japan,Japan,LUMINOR,PAM00557,7600.736,7600.736,0.0
Japan,Japan,LUMINOR,PAM00560,5115.88,5115.88,0.0
Japan,Japan,LUMINOR,PAM00562,5408.215999999999,5408.215999999999,0.0
Japan,Japan,LUMINOR,PAM00561,5115.88,5115.88,0.0
Japan,Japan,LUMINOR,PAM00563,5554.384,5554.384,0.0
Japan,Japan,LUMINOR,PAM00564,5919.804,5919.804,0.0
Japan,Japan,RADIOMIR,PAM00572,8185.407999999999,8185.407999999999,0.0
Japan,Japan,LUMINOR,PAM00576,22729.124,22729.124,0.0
Japan,Japan,LUMINOR,PAM00580,11839.608,11839.608,0.0
Japan,Japan,LUMINOR,PAM00590,5554.384,5554.384,0.0
Japan,Japan,SUBMERSIBLE,PAM00615,13739.792,13739.792,0.0
Japan,Japan,SUBMERSIBLE,PAM00616,14032.128,14032.128,0.0
Japan,Japan,SUBMERSIBLE,PAM00614,12424.28,12424.28,0.0
Japan,Japan,RADIOMIR,PAM00609,4969.712,4969.712,0.0
Japan,Japan,RADIOMIR,PAM00610,4604.292,4604.292,0.0
Japan,Japan,RADIOMIR,PAM00619,8623.912,8623.912,0.0
Japan,Japan,RADIOMIR,PAM00577,8989.332,8989.332,0.0
USA,Japan,RADIOMIR,PAM00574,9600.0,6139.056,3460.9440000000004
USA,Japan,RADIOMIR,PAM00575,22900.0,14616.8,8283.2
USA,Japan,RADIOMIR,PAM00620,12600.0,8039.24,4560.76
USA,Japan,RADIOMIR,PAM00655,12600.0,8039.24,4560.76
USA,Japan,RADIOMIR,PAM00628,15100.0,9574.004,5525.995999999999
USA,Japan,RADIOMIR,PAM00657,14900.0,9427.836,5472.164000000001
USA,Japan,LUMINOR,PAM00661,15500.0,9866.34,5633.66
USA,Japan,LUMINOR-DUE,PAM00674,13200.0,8623.912,4576.088
USA,Japan,LUMINOR-DUE,PAM00675,32100.0,20536.604,11563.396
USA,Japan,LUMINOR,PAM01312,10300.0,6577.56,3722.4399999999996
USA,Japan,LUMINOR,PAM01359,10300.0,6577.56,3722.4399999999996
USA,Japan,LUMINOR,PAM01499,10300.0,6577.56,3722.4399999999996
USA,Japan,LUMINOR,PAM01523,10100.0,6358.308,3741.692
USA,Japan,SUBMERSIBLE,PAM01389,15000.0,9208.584,5791.415999999999
USA,Japan,SUBMERSIBLE,PAM00692,17200.0,10889.516,6310.484
USA,Japan,SUBMERSIBLE,PAM01305,12500.0,7966.156,4533.844
USA,Japan,LUMINOR,PAM01088,9500.0,6065.972,3434.0280000000002
USA,Japan,LUMINOR,PAM01090,9800.0,6285.224,3514.776
USA,Japan,LUMINOR,PAM00652,21800.0,13885.96,7914.040000000001
USA,Japan,LUMINOR,PAM00653,15600.0,10012.508,5587.492
USA,Japan,LUMINOR,PAM00654,15600.0,10012.508,5587.492
USA,Japan,LUMINOR,PAM00722,11100.0,7016.063999999999,4083.9360000000006
USA,Japan,LUMINOR-DUE,PAM00741,28500.0,17905.579999999998,10594.420000000002
USA,Japan,LUMINOR,PAM01321,12400.0,7893.072,4506.928
USA,Japan,LUMINOR,PAM01351,10500.0,6614.102,3885.898
USA,Japan,LUMINOR,PAM01535,11600.0,7308.4,4291.6
USA,Japan,LUMINOR,PAM01537,12100.0,7673.82,4426.18
USA,Japan,LUMINOR-DUE,PAM00755,8000.0,4969.712,3030.2879999999996
USA,Japan,LUMINOR-DUE,PAM00904,8300.0,5188.964,3111.036
USA,Japan,LUMINOR-DUE,PAM00943,12900.0,8185.407999999999,4714.592000000001
USA,Japan,LUMINOR-DUE,PAM00944,14200.0,8989.332,5210.668
USA,Japan,LUMINOR,PAM00773,6400.0,4092.704,2307.296
USA,Japan,LUMINOR,PAM00774,6400.0,4092.704,2307.296
USA,Japan,LUMINOR,PAM00775,6400.0,4092.704,2307.296
USA,Japan,LUMINOR,PAM00776,7100.0,4458.124,2641.876
USA,Japan,LUMINOR,PAM00777,7100.0,4458.124,2641.876
USA,Japan,LUMINOR,PAM00778,7100.0,4458.124,2641.876
USA,Japan,LUMINOR,PAM01048,8600.0,5481.3,3118.7
USA,Japan,LUMINOR,PAM01441,17600.0,11181.852,6418.147999999999
USA,Japan,LUMINOR,PAM01104,8900.0,5627.468,3272.532
USA,Japan,RADIOMIR,PAM00754,6400.0,4092.704,2307.296
USA,Japan,RADIOMIR,PAM00753,5700.0,3654.2,2045.8000000000002
USA,Japan,RADIOMIR,PAM00933,12900.0,8185.407999999999,4714.592000000001
USA,Japan,RADIOMIR,PAM00945,14900.0,9427.836,5472.164000000001
USA,Japan,RADIOMIR,PAM00946,15100.0,9574.004,5525.995999999999
USA,Japan,LUMINOR,PAM00797,10100.0,6358.308,3741.692
USA,Japan,LUMINOR,PAM00796,9000.0,5700.552,3299.4480000000003
USA,Japan,LUMINOR,PAM00795,9400.0,5846.719999999999,3553.2800000000007
USA,Japan,LUMINOR,PAM00779,10300.0,6577.56,3722.4399999999996
USA,Japan,SUBMERSIBLE,PAM00683,12600.0,8039.24,4560.76
USA,Japan,SUBMERSIBLE,PAM00799,19400.0,12278.112,7121.888000000001
USA,Japan,SUBMERSIBLE,PAM00960,22000.0,14032.128,7967.871999999999
USA,Japan,SUBMERSIBLE,PAM00961,52000.0,33033.968,18966.032
USA,Japan,SUBMERSIBLE,PAM00979,24600.0,15639.976,8960.024
USA,Japan,SUBMERSIBLE,PAM00982,24600.0,15639.976,8960.024
USA,Japan,SUBMERSIBLE,PAM00983,50600.0,31718.456,18881.544
USA,Japan,SUBMERSIBLE,PAM00984,25900.0,16736.236,9163.764
USA,Japan,LUMINOR,PAM01036,14200.0,8989.332,5210.668
USA,Japan,LUMINOR,PAM01038,30600.0,19440.344,11159.655999999999
USA,Japan,SUBMERSIBLE,PAM01039,27400.0,17467.076,9932.923999999999
USA,Japan,SUBMERSIBLE,PAM01616,22600.0,14470.632,8129.368
USA,Japan,SUBMERSIBLE,PAM00985,52000.0,33033.968,18966.032
USA,Japan,LUMINOR,PAM01033,11900.0,7454.567999999999,4445.432000000001
USA,Japan,LUMINOR,PAM00986,19200.0,12131.944,7068.0560000000005
USA,Japan,LUMINOR,PAM00764,16800.0,10670.264,6129.736000000001
USA,Japan,LUMINOR,PAM00788,20200.0,12716.616,7483.384
USA,Japan,LUMINOR,PAM01020,35800.0,22729.124,13070.876
USA,Japan,LUMINOR,PAM00977,11100.0,7016.063999999999,4083.9360000000006
USA,Japan,LUMINOR,PAM01028,11100.0,7016.063999999999,4083.9360000000006
USA,Japan,SUBMERSIBLE,PAM00968,20900.0,13666.708,7233.2919999999995
USA,Japan,LUMINOR,PAM01438,18900.0,11693.44,7206.5599999999995
USA,UK,LUMINOR,PAM01025,10300.0,8815.800000000001,1484.199999999999
USA,Japan,LUMINOR,PAM00768,189000.0,119784.676,69215.324
USA,Japan,RADIOMIR,PAM00995,14200.0,8989.332,5210.668
USA,Japan,RADIOMIR,PAM00997,16800.0,10670.264,6129.736000000001
USA,Japan,RADIOMIR,PAM00998,15200.0,9647.088,5552.912
USA,Japan,RADIOMIR,PAM00999,15500.0,9866.34,5633.66
USA,Japan,SUBMERSIBLE,PAM00973,11300.0,7162.232,4137.768
USA,France,SUBMERSIBLE,PAM00974,34500.0,27522.9,6977.0999999999985
USA,Japan,LUMINOR-DUE,PAM01029,20000.0,12643.532,7356.468000000001
USA,Japan,LUMINOR-DUE,PAM00927,9400.0,5846.719999999999,3553.2800000000007
USA,Japan,LUMINOR-DUE,PAM00926,9000.0,5700.552,3299.4480000000003
USA,Japan,LUMINOR-DUE,PAM00964,15500.0,9793.256,5706.744000000001
USA,Japan,LUMINOR-DUE,PAM01046,8300.0,5188.964,3111.036
USA,Japan,LUMINOR-DUE,PAM01043,8000.0,4969.712,3030.2879999999996
USA,Japan,LUMINOR-DUE,PAM01045,20000.0,12643.532,7356.468000000001
USA,Japan,LUMINOR,PAM01037,22700.0,14543.716,8156.284
USA,Japan,RADIOMIR,PAM00931,11100.0,7016.063999999999,4083.9360000000006
USA,Japan,LUMINOR-DUE,PAM01042,24000.0,15347.64,8652.36
USA,Japan,LUMINOR-DUE,PAM01041,24000.0,15347.64,8652.36
USA,Japan,RADIOMIR,PAM00992,10800.0,6796.812,4003.188
USA,Japan,LUMINOR,PAM00915,8800.0,5554.384,3245.616
USA,Japan,LUMINOR,PAM01661,17600.0,11181.852,6418.147999999999
USA,Japan,RADIOMIR,PAM01078,14200.0,8989.332,5210.668
USA,Japan,RADIOMIR,PAM01144,10300.0,6431.392,3868.608
USA,Japan,LUMINOR,PAM01117,24900.0,15713.06,9186.94
USA,France,SUBMERSIBLE,PAM01108,247700.0,197334.0,50366.0
USA,Japan,LUMINOR,PAM01112,30700.0,19440.344,11259.655999999999
USA,Japan,LUMINOR,PAM01118,20900.0,13228.204,7671.796
USA,Japan,LUMINOR,PAM01119,24900.0,15713.06,9186.94
USA,Japan,LUMINOR,PAM01662,19600.0,11985.776,7614.224
USA,Japan,LUMINOR,PAM01663,20900.0,13228.204,7671.796
USA,Japan,LUMINOR,PAM01313,10300.0,6577.56,3722.4399999999996
USA,Japan,LUMINOR,PAM01085,7100.0,4458.124,2641.876
USA,Japan,LUMINOR,PAM01314,10300.0,6577.56,3722.4399999999996
USA,Japan,LUMINOR,PAM02392,10100.0,6358.308,3741.692
USA,Japan,LUMINOR,PAM01316,11300.0,7162.232,4137.768
USA,Japan,LUMINOR,PAM01096,14100.0,8696.996,5403.004000000001
USA,Japan,SUBMERSIBLE,PAM01070,39000.0,24044.636,14955.364000000001
USA,France,LUMINOR,PAM01393,10100.0,7997.219999999999,2102.7800000000007
USA,Japan,LUMINOR,PAM01086,6400.0,4092.704,2307.296
USA,Japan,LUMINOR,PAM01084,7100.0,4458.124,2641.876
USA,Japan,RADIOMIR,PAM02020,8400.0,5262.048,3137.952
USA,Japan,LUMINOR,PAM01075,12400.0,7673.82,4726.18
USA,Japan,LUMINOR,PAM01122,24900.0,15713.06,9186.94
USA,Japan,SUBMERSIBLE,PAM01074,20200.0,12716.616,7483.384
USA,Japan,LUMINOR,PAM01116,50100.0,31718.456,18381.544
USA,Japan,SUBMERSIBLE,PAM01164,35400.0,22509.872,12890.128
USA,Japan,LUMINOR,PAM01109,11600.0,7308.4,4291.6
USA,Japan,LUMINOR,PAM01110,12600.0,8039.24,4560.76
USA,Japan,LUMINOR,PAM01111,34500.0,21486.696,13013.304
USA,Japan,LUMINOR,PAM01157,11100.0,7016.063999999999,4083.9360000000006
USA,Japan,LUMINOR,PAM01303,11900.0,7454.567999999999,4445.432000000001
USA,Japan,LUMINOR,PAM01135,28500.0,18271.0,10229.0
USA,Japan,LUMINOR,PAM01218,11600.0,7308.4,4291.6
USA,Japan,LUMINOR-DUE,PAM01280,21400.0,13593.624,7806.376
USA,Japan,LUMINOR,PAM01356,11100.0,7016.063999999999,4083.9360000000006
USA,Japan,LUMINOR,PAM01358,11100.0,7016.063999999999,4083.9360000000006
USA,Japan,LUMINOR,PAM00742,59700.0,38003.68,21696.32
USA,Japan,SUBMERSIBLE,PAM01225,78300.0,49550.952,28749.048000000003
USA,Japan,LUMINOR,PAM00715,85900.0,54593.748,31306.252
USA,Japan,LUMINOR-DUE,PAM01123,9000.0,5700.552,3299.4480000000003
USA,Japan,LUMINOR,PAM01060,217000.0,137610.528,79389.47200000001
USA,Japan,LUMINOR-DUE,PAM01124,9400.0,5846.719999999999,3553.2800000000007
USA,Japan,SUBMERSIBLE,PAM01068,13700.0,8770.08,4929.92
USA,France,SUBMERSIBLE,PAM01163,38500.0,30638.7,7861.299999999999
USA,Japan,RADIOMIR,PAM01243,10300.0,6577.56,3722.4399999999996
USA,Japan,SUBMERSIBLE,PAM01223,11300.0,7162.232,4137.768
USA,Japan,LUMINOR-DUE,PAM01273,8000.0,5042.795999999999,2957.2040000000006
USA,Japan,LUMINOR,PAM01279,12900.0,8185.407999999999,4714.592000000001
USA,Japan,LUMINOR-DUE,PAM01250,8300.0,5188.964,3111.036
USA,Japan,LUMINOR-DUE,PAM01249,8300.0,5188.964,3111.036
USA,Japan,LUMINOR,PAM01664,17600.0,11181.852,6418.147999999999
USA,Japan,SUBMERSIBLE,PAM01209,12400.0,7893.072,4506.928
USA,Japan,LUMINOR,PAM01298,20200.0,12716.616,7483.384
USA,Japan,LUMINOR,PAM01115,36300.0,22802.208,13497.792000000001
USA,Japan,LUMINOR-DUE,PAM01248,8000.0,5042.795999999999,2957.2040000000006
USA,Japan,LUMINOR,PAM01114,36300.0,22802.208,13497.792000000001
USA,Japan,LUMINOR-DUE,PAM01247,8000.0,5042.795999999999,2957.2040000000006
USA,Japan,SUBMERSIBLE,PAM01291,25900.0,16736.236,9163.764
USA,Japan,SUBMERSIBLE,PAM01240,58800.0,37272.84,21527.160000000003
USA,Japan,LUMINOR,PAM01270,9000.0,5700.552,3299.4480000000003
USA,Japan,LUMINOR,PAM01271,9000.0,5700.552,3299.4480000000003
USA,Japan,LUMINOR,PAM01272,9000.0,5700.552,3299.4480000000003
USA,Japan,LUMINOR,PAM01392,10100.0,6358.308,3741.692
USA,Japan,LUMINOR-DUE,PAM01306,8000.0,5042.795999999999,2957.2040000000006
USA,Japan,LUMINOR,PAM00233,15600.0,10012.508,5587.492
USA,Japan,LUMINOR,PAM00317,27200.0,17393.992,9806.008000000002
USA,Japan,LUMINOR,PAM00422,12800.0,8112.324,4687.676
USA,Japan,LUMINOR,PAM00423,12900.0,8185.407999999999,4714.592000000001
USA,Japan,RADIOMIR,PAM00424,10200.0,6504.476,3695.5240000000003
USA,Japan,RADIOMIR,PAM00425,10200.0,6504.476,3695.5240000000003
USA,Japan,RADIOMIR,PAM00514,9800.0,6285.224,3514.776
USA,Japan,RADIOMIR,PAM00515,27200.0,17393.992,9806.008000000002
USA,Japan,LUMINOR,PAM00524,14200.0,8989.332,5210.668
USA,Japan,LUMINOR,PAM00526,22000.0,14032.128,7967.871999999999
USA,Japan,LUMINOR,PAM00533,17300.0,10962.6,6337.4
USA,Japan,LUMINOR,PAM00560,8100.0,5115.88,2984.12
USA,Japan,LUMINOR,PAM00562,8600.0,5408.215999999999,3191.7840000000006
USA,Japan,LUMINOR,PAM00561,8100.0,5115.88,2984.12
USA,Japan,LUMINOR,PAM00563,8800.0,5554.384,3245.616
USA,Japan,RADIOMIR,PAM00572,12900.0,8185.407999999999,4714.592000000001
USA,Japan,LUMINOR,PAM00576,35800.0,22729.124,13070.876
USA,Japan,SUBMERSIBLE,PAM00616,22000.0,14032.128,7967.871999999999
USA,Japan,RADIOMIR,PAM00609,7800.0,4969.712,2830.2879999999996
USA,Japan,RADIOMIR,PAM00610,7400.0,4604.292,2795.7079999999996
USA,Japan,RADIOMIR,PAM00619,13600.0,8623.912,4976.088
USA,Japan,RADIOMIR,PAM00577,14200.0,8989.332,5210.668
